x,y,z,millis,
18.33,-4.57,-21.79,221,
18.25,-5.33,-22.07,227,
18.12,-5.07,-22.1,233,
17.77,-4.78,-22.07,240,
17.7,-4.5,-22.8,247,
17.82,-4.5,-22.32,252,
18.2,-4.74,-22.89,260,
18.18,-4.3,-22.38,266,
17.71,-4.41,-22.04,273,
18.37,-4.33,-22.51,279,
17.95,-4.18,-22.93,285,
18.12,-4.27,-22.26,291,
18.55,-4.65,-22.77,297,
18.3,-4.84,-22.16,305,
18.61,-4.82,-22.08,311,
18.5,-4.75,-22.39,317,
18.43,-5.04,-22.13,324,
18.68,-4.84,-22.58,330,
18.53,-4.85,-21.98,336,
18.77,-5.1,-22.48,344,
18.27,-4.33,-21.75,350,
18.49,-4.85,-21.94,356,
18.36,-4.68,-22.33,363,
18.8,-4.85,-22.67,369,
18.69,-4.49,-22.41,375,
18.71,-4.59,-22.51,382,
18.34,-4.55,-22.27,389,
18.74,-4.88,-22.96,395,
18.78,-4.57,-22.03,402,
18.49,-4.59,-22.33,408,
19.01,-5.17,-21.88,414,
18.96,-4.82,-21.88,420,
18.97,-4.5,-21.59,428,
18.42,-4.49,-21.69,434,
18.78,-4.63,-22.17,440,
18.75,-4.4,-22.6,447,
18.61,-4.78,-21.92,453,
18.63,-4.37,-22.36,459,
18.52,-4.5,-21.84,466,
18.56,-4.4,-22.2,473,
18.72,-4.43,-22.33,479,
18.68,-4.91,-21.82,486,
18.59,-4.85,-21.69,492,
18.68,-5.14,-21.54,498,
18.81,-5.32,-21.92,505,
18.81,-5.06,-21.73,512,
18.52,-5.06,-22.1,518,
22.24,-4.9,-21.62,525,
18.87,-4.9,-21.62,531,
18.46,-5.1,-21.56,537,
18.65,-4.84,-21.78,544,
18.28,-4.81,-21.78,550,
18.23,-4.44,-22.08,557,
18.58,-4.63,-21.72,564,
18.68,-4.91,-21.79,570,
18.62,-4.66,-21.84,576,
18.43,-4.84,-22.3,583,
18.56,-4.75,-21.91,589,
18.58,-4.75,-22.07,595,
18.24,-4.79,-21.88,603,
18.62,-4.91,-21.98,609,
18.58,-5.03,-21.66,615,
18.36,-5.07,-21.73,622,
18.74,-5.28,-21.86,627,
18.55,-5.25,-22.13,634,
18.72,-5.6,-21.46,641,
18.81,-5.17,-21.66,647,
18.62,-4.97,-21.32,654,
19.22,-4.65,-22.19,660,
18.65,-4.78,-21.95,666,
19.25,-5.14,-22.16,673,
18.56,-4.68,-22.3,679,
18.85,-4.79,-21.38,686,
18.43,-4.65,-21.88,693,
18.72,-4.69,-21.66,699,
18.72,-4.79,-21.32,705,
19.03,-4.69,-22.11,711,
19.12,-4.68,-22.27,718,
19.18,-4.74,-21.73,724,
18.87,-4.44,-22.1,731,
18.72,-4.6,-21.88,738,
18.8,-4.41,-21.82,744,
18.74,-4.49,-21.92,750,
18.56,-4.82,-22.45,757,
18.46,-4.71,-21.67,763,
18.8,-4.41,-22.23,770,
19.44,-4.52,-22.03,777,
19.13,-4.41,-22.11,783,
18.69,-4.55,-21.65,789,
19.15,-4.56,-21.78,796,
18.46,-4.79,-21.85,802,
18.61,-4.37,-21.29,808,
18.81,-4.65,-21.54,815,
18.74,-4.44,-21.72,822,
18.58,-4.12,-22.2,828,
18.58,-4.47,-22.61,834,
18.69,-4.63,-21.98,841,
18.59,-4.44,-21.97,847,
18.91,-4.74,-21.66,854,
18.8,-4.65,-21.76,861,
18.62,-4.63,-22.16,867,
18.68,-4.75,-21.63,873,
19.03,-4.69,-21.63,880,
18.94,-4.91,-21.85,886,
19.13,-4.56,-21.82,892,
19.44,-4.49,-21.4,900,
19.35,-4.84,-21.6,906,
19.35,-4.72,-21.81,912,
18.77,-5.06,-21.38,919,
18.77,-5.06,-21.03,925,
18.96,-4.79,-21.89,931,
18.75,-4.44,-21.94,939,
18.82,-4.44,-21.94,945,
18.75,-4.85,-21.05,951,
18.47,-4.97,-21.19,958,
18.96,-4.81,-21.75,964,
18.53,-5.03,-21.82,970,
18.21,-4.57,-21.16,977,
18.82,-4.55,-21.46,984,
18.49,-4.43,-21.27,990,
18.69,-5,-21.53,997,
18.5,-4.74,-21.92,1003,
18.53,-4.22,-21.86,1009,
18.85,-4.53,-21.85,1015,
18.53,-4.82,-22.13,1021,
18.97,-4.49,-21.98,1029,
18.52,-4.49,-21.63,1035,
18.58,-5.29,-22.35,1041,
18.84,-4.74,-22.58,1048,
18.49,-4.63,-21.59,1054,
18.99,-4.62,-21.38,1060,
18.74,-5,-21.38,1068,
18.43,-4.38,-21.84,1074,
18.56,-4.62,-21.16,1080,
18.69,-4.74,-21.85,1087,
18.49,-4.56,-22.26,1093,
18.78,-4.55,-21.78,1099,
18.55,-4.76,-22.08,1105,
18.61,-4.74,-21.67,1113,
18.21,-4.79,-21.89,1119,
18.56,-4.49,-21.89,1125,
18.49,-4.52,-21.19,1132,
18.4,-4.38,-21.54,1138,
18.61,-4.47,-21.78,1144,
18.84,-4.85,-21.41,1152,
18.66,-4.81,-21.85,1158,
18.52,-4.57,-22.04,1164,
18.39,-4.75,-21.92,1171,
18.81,-4.79,-21.25,1177,
18.61,-4.76,-21.7,1183,
18.55,-4.52,-21.62,1190,
18.68,-4.66,-21.09,1197,
18.08,-4.21,-21.73,1203,
18.33,-4.66,-22.13,1209,
18.25,-4.84,-21.94,1216,
18.17,-4.91,-21.69,1222,
18.34,-4.78,-21.53,1228,
18.33,-4.95,-21.94,1235,
18.81,-5.41,-21.62,1242,
18.62,-5.1,-22.05,1248,
18.87,-5.17,-22.19,1255,
18.61,-4.78,-22.05,1261,
18.43,-4.66,-21.88,1267,
18.72,-4.82,-21.56,1274,
18.53,-4.62,-22.39,1281,
18.59,-5,-21.91,1287,
19.07,-4.43,-21.51,1294,
19.23,-4.81,-21.98,1300,
19.04,-4.75,-22.01,1306,
18.9,-4.66,-21.72,1312,
18.82,-4.98,-22.01,1319,
18.82,-4.82,-21.57,1326,
18.78,-5.14,-21.43,1332,
18.46,-5.14,-21.82,1339,
18.9,-5.12,-21.66,1345,
18.84,-4.76,-21.66,1351,
18.5,-5.31,-21.75,1358,
18.39,-5.06,-21.44,1364,
18.55,-5.29,-21.92,1371,
18.63,-5.32,-21.62,1378,
18.75,-5.5,-21.31,1384,
18.62,-5.17,-21.48,1390,
18.42,-4.71,-21.6,1397,
18.37,-5.1,-21.78,1403,
18.44,-5.32,-21.48,1410,
18.34,-5.5,-21.69,1417,
18.5,-5.29,-21.73,1423,
18.53,-5.45,-21.35,1429,
18.63,-5.29,-21.82,1435,
18.75,-5.26,-21.69,1442,
18.46,-5.44,-21.19,1448,
18.68,-5.16,-21.38,1455,
18.71,-4.76,-21.44,1462,
18.65,-4.91,-21.16,1468,
18.31,-4.98,-21.03,1474,
18.34,-5.13,-20.8,1481,
18.37,-5.14,-21.59,1487,
18.4,-5.07,-21.67,1494,
18.53,-4.94,-21.84,1501,
18.43,-5,-21.85,1507,
18.37,-5.25,-22.04,1513,
18.59,-5.06,-21.57,1519,
18.31,-4.81,-21.95,1526,
17.96,-5.26,-21.53,1532,
18.52,-5.42,-21.32,1539,
18.36,-4.75,-21.65,1546,
18.5,-5.2,-21.94,1552,
18.3,-5.29,-21.92,1558,
18.59,-5.01,-21.73,1565,
18.25,-5.19,-22.24,1571,
18.4,-5.06,-21.41,1579,
18.11,-5.12,-21.51,1585,
18.36,-5.26,-21.85,1591,
18.24,-4.97,-22.36,1598,
18.04,-5.13,-21.95,1604,
18.39,-5.38,-21.03,1610,
18.53,-5.22,-21.48,1617,
18.8,-5.25,-21.69,1624,
18.46,-4.82,-21.6,1630,
18.23,-4.94,-21.43,1637,
18.62,-4.87,-21.24,1643,
18.18,-5.17,-21.86,1649,
17.96,-5.06,-21.62,1655,
18.12,-4.95,-21.59,1662,
18.15,-4.84,-21.19,1669,
18.4,-5,-21.72,1675,
18.17,-5.48,-21.24,1682,
18.52,-4.91,-21.38,1688,
18.33,-4.68,-21.75,1694,
18.56,-5.32,-21.59,1701,
18.63,-5.17,-21.02,1708,
18.42,-5.35,-21.72,1714,
18.75,-4.98,-21.73,1721,
19.07,-5.2,-21.84,1727,
18.9,-4.63,-21.1,1733,
19.2,-5.22,-21.34,1739,
19.2,-5.09,-21.37,1745,
18.72,-5.09,-21.43,1753,
18.82,-4.94,-22.16,1759,
18.82,-4.94,-22.16,1765,
18.71,-5.52,-22.3,1772,
18.58,-4.78,-22.26,1778,
18.5,-5.09,-22.26,1784,
18.24,-4.71,-21.78,1792,
18.08,-4.76,-21.37,1798,
18.06,-5.25,-21.43,1804,
18.72,-4.94,-21.43,1811,
18.47,-4.98,-21.69,1817,
18.39,-4.76,-21.53,1823,
18.82,-4.78,-21.91,1830,
18.81,-4.94,-22.2,1837,
18.62,-4.74,-22.29,1843,
18.78,-4.93,-21.78,1850,
18.8,-4.68,-22.19,1856,
18.85,-4.63,-22.24,1862,
18.99,-4.98,-22.22,1868,
18.55,-4.56,-21.88,1875,
19.16,-4.88,-22.22,1882,
18.68,-4.78,-22.39,1888,
18.65,-4.76,-22.6,1895,
18.8,-4.88,-22.2,1901,
18.65,-4.87,-22.58,1907,
18.93,-5.31,-22.41,1914,
18.62,-4.81,-22.13,1921,
18.52,-4.88,-21.7,1927,
18.59,-4.82,-22.01,1933,
18.55,-4.76,-21.48,1940,
18.88,-4.62,-21.85,1946,
18.14,-4.91,-21.92,1952,
18.97,-4.95,-22.48,1959,
18.77,-4.57,-22.39,1966,
18.55,-4.98,-21.72,1972,
18.56,-4.52,-21.95,1979,
18.28,-4.9,-21.89,1985,
18.74,-4.97,-22.1,1991,
18.46,-4.68,-22.19,1998,
18.33,-4.94,-22.64,2004,
18.66,-5.04,-22.01,2011,
18.63,-5.09,-21.92,2018,
18.74,-5,-21.38,2024,
18.65,-5.07,-21.63,2030,
18.61,-4.56,-21.7,2036,
18.74,-4.82,-21.79,2043,
18.37,-4.56,-21.41,2050,
18.78,-4.78,-21.95,2056,
18.4,-4.93,-21.84,2063,
18.36,-5.07,-22.3,2069,
18.65,-5.13,-21.79,2075,
18.37,-4.94,-21.91,2082,
17.99,-4.98,-22,2088,
18.37,-5.19,-21.56,2095,
18.21,-5.04,-22.22,2102,
18.63,-4.84,-22.13,2108,
18.31,-4.71,-21.91,2114,
18.52,-4.72,-22.03,2121,
18.63,-4.79,-21.72,2127,
18.74,-5.03,-21.85,2134,
18.5,-4.79,-22.2,2140,
18.43,-5,-22.11,2147,
22.17,-4.41,-21.91,2153,
18.87,-4.56,-22.32,2159,
18.62,-4.56,-22.04,2166,
18.34,-4.65,-22.39,2172,
18.94,-4.33,-22.39,2179,
18.84,-4.08,-22.33,2186,
18.11,-3.99,-22.38,2192,
18.15,-4.3,-22.98,2198,
18.31,-4.6,-22.07,2205,
18.5,-4.59,-22.54,2211,
18.96,-4.69,-22,2217,
18.78,-4.68,-22.1,2225,
18.68,-4.57,-22.33,2231,
19.1,-4.69,-22.2,2237,
19.06,-4.52,-22.1,2243,
18.9,-4.97,-21.85,2250,
18.87,-4.78,-22.24,2256,
18.72,-4.72,-22.48,2263,
18.85,-5.06,-22.1,2270,
19.16,-5.29,-22.11,2276,
18.85,-5.12,-21.79,2282,
18.55,-4.94,-21.5,2289,
19.01,-5,-21.92,2295,
18.52,-4.82,-22.04,2301,
18.66,-5.16,-22.33,2309,
19.12,-5.16,-21.66,2315,
18.84,-4.91,-21.7,2321,
18.59,-4.87,-21.73,2328,
18.8,-4.88,-21.47,2334,
19.01,-4.91,-21.97,2340,
18.65,-4.97,-21.78,2347,
18.96,-4.88,-21.92,2354,
19.07,-4.75,-22.07,2360,
18.47,-5.1,-22.13,2366,
18.81,-4.74,-22.04,2373,
18.71,-4.78,-21.79,2379,
18.42,-4.9,-22.23,2385,
19.04,-5.54,-22.29,2393,
18.43,-4.87,-22.38,2399,
18.5,-4.9,-22.32,2405,
18.78,-4.78,-22.83,2412,
18.23,-5.2,-21.98,2418,
19.09,-4.69,-22.2,2425,
18.94,-4.5,-22.41,2432,
18.82,-4.5,-22.3,2438,
19.1,-4.65,-21.84,2445,
18.66,-5.04,-22.33,2451,
18.65,-5.29,-22.87,2457,
18.62,-5.35,-22.41,2463,
18.78,-4.94,-22.32,2469,
19.09,-4.71,-22.86,2477,
18.81,-5.16,-22.39,2483,
18.77,-4.81,-22.11,2489,
19.34,-4.44,-22.16,2496,
18.62,-4.36,-22.27,2502,
18.69,-4.78,-21.69,2508,
18.84,-4.74,-21.94,2515,
19.12,-4.9,-22.22,2522,
18.97,-4.78,-22.71,2528,
18.85,-4.65,-22.51,2535,
18.52,-4.69,-22.46,2541,
18.55,-4.63,-22.43,2547,
18.69,-4.62,-21.97,2554,
18.85,-5.13,-21.86,2561,
18.28,-4.79,-22.24,2567,
18.28,-5.2,-22.43,2574,
18.59,-5.5,-22.65,2580,
18.59,-5.5,-22.45,2586,
18.84,-5.71,-22.45,2592,
18.91,-5.17,-21.82,2599,
18.9,-5.17,-21.82,2606,
19.26,-5.04,-21.5,2612,
19.09,-5.38,-21.47,2619,
18.94,-5.1,-21.51,2625,
19.15,-4.9,-22.07,2631,
18.99,-4.95,-22.71,2638,
18.93,-5.26,-22.54,2644,
18.69,-4.84,-22.7,2651,
18.88,-5.32,-22.04,2658,
18.99,-5.07,-22.55,2664,
18.66,-5.38,-22.32,2670,
18.77,-5.06,-22.58,2677,
18.77,-5.45,-22.45,2683,
18.52,-5.04,-22.41,2690,
19.25,-5.13,-22.71,2697,
18.61,-4.72,-22.57,2703,
18.81,-5.13,-22,2709,
19.03,-5.55,-22.17,2715,
18.65,-5.16,-21.47,2722,
18.66,-5.17,-21.86,2728,
18.62,-4.87,-21.79,2735,
18.34,-5.22,-21.75,2742,
18.85,-5.04,-22.04,2748,
18.97,-5.25,-21.66,2754,
18.96,-5.38,-21.84,2760,
18.59,-5.13,-21.67,2767,
18.99,-5.19,-22.05,2774,
18.91,-5.39,-21.57,2780,
18.43,-5.28,-21.98,2787,
18.75,-5.33,-22.38,2793,
19.1,-5.22,-22.35,2799,
18.72,-4.82,-21.97,2806,
18.68,-5.12,-21.86,2812,
18.46,-5.51,-21.84,2819,
18.88,-5.28,-21.67,2826,
18.75,-4.98,-21.92,2832,
18.96,-5.47,-21.67,2838,
18.68,-5,-21.79,2845,
18.69,-5.28,-21.72,2851,
18.49,-5,-22.03,2857,
18.47,-5.32,-21.81,2864,
18.17,-5.28,-21.69,2871,
18.15,-5.1,-22.01,2877,
18.21,-5.33,-21.86,2883,
18.5,-5.04,-22.05,2890,
18.46,-5.06,-22.48,2896,
18.39,-5.07,-21.91,2903,
18.23,-5.01,-22.26,2910,
18.55,-4.65,-21.57,2916,
18.78,-4.52,-21.59,2922,
18.74,-4.57,-22.05,2929,
18.66,-4.95,-22.08,2935,
18.47,-4.55,-21.51,2941,
17.92,-4.68,-21.82,2949,
18.23,-4.95,-21.85,2955,
18.3,-4.87,-22.03,2961,
18.17,-5.32,-21.84,2967,
21.91,-4.91,-22.23,2974,
18.74,-4.97,-21.82,2980,
18.15,-4.97,-21.69,2987,
18.68,-4.81,-21.89,2994,
18.33,-5.04,-21.89,3000,
18.43,-5.36,-22.26,3006,
18.62,-5.31,-21.57,3013,
18.68,-5.23,-21.44,3019,
18.78,-5.03,-21.51,3025,
18.36,-4.94,-22.24,3033,
18.62,-4.85,-21.98,3039,
18.47,-5.66,-22.04,3045,
18.33,-5.04,-21.62,3052,
18.65,-5.17,-22.26,3058,
18.96,-5.52,-22.58,3064,
18.63,-4.72,-22.48,3070,
18.8,-4.56,-21.6,3078,
18.27,-4.46,-21.88,3084,
18.53,-5.1,-22.19,3090,
19.03,-5.25,-21.84,3097,
18.46,-4.97,-21.67,3103,
18.9,-5.1,-21.62,3109,
18.69,-5.12,-21.69,3117,
18.53,-5.28,-21.54,3123,
18.68,-5.19,-21.54,3129,
18.62,-5.04,-22.3,3136,
18.82,-5.41,-21.65,3142,
18.68,-5.28,-21.82,3148,
18.94,-5.14,-21.88,3155,
19,-5.07,-21.86,3162,
18.99,-4.98,-22.03,3168,
19.2,-5.16,-22.16,3174,
19.09,-4.88,-21.6,3181,
18.99,-4.76,-21.73,3187,
18.74,-4.62,-22.26,3193,
18.85,-4.94,-21.75,3201,
19.29,-5,-21.91,3207,
18.88,-4.76,-21.41,3213,
18.63,-4.76,-22.1,3220,
19.37,-4.91,-22.41,3226,
18.5,-4.76,-22.19,3232,
18.18,-4.98,-21.44,3239,
18.62,-5.16,-21.6,3246,
18.61,-4.59,-21.65,3252,
19.28,-4.93,-21.44,3259,
19.07,-4.62,-21.86,3265,
18.94,-4.97,-21.7,3271,
18.63,-4.66,-21.86,3278,
18.63,-4.57,-22.52,3284,
18.63,-4.6,-22.26,3291,
19.1,-4.74,-21.72,3298,
18.81,-4.43,-21.82,3304,
18.61,-4.68,-21.79,3310,
18.06,-4.59,-21.67,3317,
18.59,-4.6,-21.62,3323,
18.8,-4.78,-21.24,3330,
18.93,-4.85,-21.1,3337,
18.72,-5.22,-21.56,3343,
18.55,-5.13,-21.18,3349,
19.15,-5.1,-21.24,3356,
19.04,-4.94,-20.91,3362,
18.91,-4.93,-21.84,3368,
19.7,-5,-21.73,3376,
19.2,-5.29,-21.06,3382,
19.2,-5.23,-21.81,3388,
18.88,-4.79,-21.05,3394,
18.88,-4.79,-21.47,3400,
18.44,-4.94,-21.81,3407,
18.52,-4.57,-21.76,3414,
18.15,-4.57,-21.76,3420,
18.33,-4.91,-21.34,3427,
18.63,-5.1,-20.7,3433,
18.37,-5.39,-21.22,3439,
18.65,-4.98,-21.31,3446,
18.46,-5.03,-21.97,3452,
18.74,-4.76,-21.54,3459,
18.78,-5.12,-21.38,3466,
18.84,-4.95,-21.35,3472,
18.72,-4.91,-21.47,3478,
18.78,-5.17,-21.82,3485,
18.63,-4.97,-21.92,3491,
18.34,-4.9,-21.35,3497,
18.62,-4.85,-21.13,3505,
18.74,-4.81,-21.81,3511,
19.23,-4.55,-21.24,3517,
18.93,-4.69,-21.06,3523,
18.52,-5.2,-21.1,3530,
18.39,-4.84,-21.48,3536,
18.87,-4.94,-21.24,3543,
18.91,-4.85,-21.24,3550,
18.72,-4.69,-21.06,3556,
18.87,-4.43,-21.47,3562,
18.65,-4.81,-21.27,3569,
18.8,-4.69,-21.97,3575,
18.78,-4.46,-21.34,3581,
18.66,-4.65,-21.48,3588,
18.88,-4.62,-21.85,3595,
18.72,-5.41,-21.79,3601,
18.53,-5.13,-22.07,3607,
18.84,-4.98,-21.59,3614,
18.37,-5.06,-21.95,3620,
19.04,-4.82,-21.72,3627,
18.81,-5,-22.14,3634,
18.8,-4.69,-21.54,3640,
18.58,-5.25,-21.41,3646,
18.56,-5.25,-22.11,3653,
18.43,-5.25,-21.15,3659,
18.44,-5.03,-22,3665,
18.74,-5.38,-22.23,3673,
18.69,-5.29,-21.73,3679,
18.72,-5.16,-21.73,3685,
18.52,-5.13,-21.78,3691,
18.55,-4.69,-21.85,3698,
18.47,-4.87,-22.57,3704,
18.65,-5.28,-21.91,3710,
18.85,-5.36,-22.07,3718,
18.84,-5.12,-22.07,3724,
18.88,-5.14,-22.3,3730,
18.9,-5.29,-21.34,3737,
18.63,-4.88,-22.32,3743,
18.81,-4.76,-22.22,3749,
18.84,-5.07,-22.17,3757,
18.47,-5.19,-22.33,3763,
18.63,-5.36,-21.98,3769,
19.09,-5.06,-21.79,3776,
18.59,-4.81,-21.91,3782,
18.96,-5.06,-21.82,3788,
15.21,-4.68,-21.66,3794,
18.66,-4.98,-22.04,3802,
18.81,-4.98,-22.62,3808,
18.75,-4.9,-22.41,3814,
18.15,-4.93,-22.41,3821,
18.52,-4.49,-22.42,3827,
18.49,-4.93,-21.91,3833,
18.65,-4.79,-22.05,3841,
19.04,-4.62,-22.05,3847,
18.58,-5.09,-22.04,3853,
18.75,-5.26,-22.3,3860,
18.78,-5.47,-21.92,3866,
18.96,-5.09,-21.78,3872,
18.84,-4.66,-22.05,3879,
18.97,-5.06,-22.38,3886,
18.9,-4.84,-22.03,3892,
19.01,-4.98,-21.97,3898,
18.5,-4.93,-21.81,3905,
18.55,-4.59,-22.04,3911,
18.58,-4.6,-22.32,3917,
18.69,-4.9,-22.46,3924,
18.99,-4.88,-22.3,3931,
18.55,-4.25,-22.57,3937,
18.66,-4.4,-22.92,3944,
18.55,-4.46,-22.22,3950,
18.5,-4.53,-22.64,3956,
18.52,-4.24,-22.3,3963,
18.94,-4.09,-22.39,3970,
18.61,-4.21,-21.78,3976,
18.56,-4.36,-21.73,3983,
18.47,-4.59,-21.89,3989,
18.9,-4.69,-21.46,3995,
18.88,-4.09,-21.75,4001,
18.99,-4.3,-21.91,4008,
18.74,-4.6,-22.14,4015,
18.91,-4.34,-21.59,4021,
19,-4.06,-21.66,4028,
18.47,-4.43,-21.92,4034,
18.77,-4.25,-21.65,4040,
18.72,-4.36,-21.65,4047,
18.61,-4.81,-21.72,4054,
18.47,-4.31,-21.67,4060,
18.69,-4.27,-21.51,4067,
18.2,-3.92,-21.69,4074,
18.21,-4.25,-21.62,4080,
18.72,-4.21,-21.73,4086,
18.87,-4.56,-21.81,4092,
18.8,-4.21,-22.08,4100,
18.63,-4.91,-22,4106,
18.63,-4.47,-22.22,4112,
18.2,-4.47,-21.88,4118,
18.46,-4.27,-21.46,4124,
18.05,-4.59,-21.46,4131,
18.37,-4.71,-21.06,4137,
18.77,-4.36,-21.29,4144,
18.44,-4.37,-21.37,4151,
18.9,-4.5,-21.54,4157,
18.46,-4.5,-21.12,4163,
18.43,-4.47,-21.44,4170,
18.94,-4.65,-21.59,4176,
18.99,-4.81,-21.44,4183,
18.72,-4.78,-21.38,4190,
18.34,-4.52,-21.59,4196,
18.84,-4.71,-21.59,4202,
18.75,-5.03,-21.91,4209,
18.2,-4.82,-21.6,4215,
18.2,-4.28,-21.57,4221,
18.72,-4.28,-21.27,4229,
18.27,-4.98,-21.35,4235,
18.27,-4.98,-21.35,4241,
18.84,-5.06,-21.66,4247,
18.58,-4.87,-21.88,4254,
18.53,-4.65,-21.88,4260,
18.58,-4.97,-21.57,4267,
18.43,-5.01,-22.01,4274,
18.74,-4.94,-22.32,4280,
18.36,-4.53,-21.76,4286,
18.5,-4.84,-22.05,4293,
18.06,-4.95,-21.06,4299,
18.44,-5.07,-21.63,4305,
18.74,-5.12,-22.16,4313,
18.94,-5.29,-21.98,4319,
18.8,-4.81,-22.29,4325,
19.12,-5.04,-21.59,4332,
19.13,-4.98,-21.67,4338,
18.9,-5.14,-21.51,4344,
18.87,-5.1,-21.24,4352,
19.06,-4.88,-21.67,4358,
18.68,-5.28,-21.56,4364,
18.78,-4.9,-21.81,4370,
18.63,-4.97,-21.5,4377,
19,-5.07,-21.48,4383,
18.78,-4.71,-21.76,4389,
19.06,-4.87,-22.16,4397,
18.37,-4.55,-21.75,4403,
18.62,-4.4,-21.88,4409,
18.65,-3.93,-21.29,4415,
18.66,-4.56,-21.97,4422,
19.15,-4.3,-21.66,4428,
18.69,-4.63,-21.75,4434,
18.88,-4.87,-21.85,4442,
18.82,-4.53,-21.13,4448,
18.9,-4.65,-21.12,4454,
18.87,-4.28,-21.38,4461,
18.53,-4.91,-21.51,4467,
19.15,-5.06,-21.56,4473,
19.13,-4.9,-21.09,4481,
18.84,-5.23,-21.35,4487,
18.63,-5.42,-22,4493,
19.32,-4.88,-22.16,4500,
18.97,-5.22,-21.79,4506,
19.09,-5.19,-22.3,4512,
18.93,-4.98,-22.2,4518,
19.44,-4.74,-21.95,4526,
19.29,-4.78,-22.19,4532,
19.38,-4.74,-22.36,4538,
19,-4.71,-22.01,4545,
19.04,-5.36,-21.89,4551,
19.37,-5.19,-22.19,4557,
19.26,-5.35,-21.59,4564,
18.77,-5.33,-21.78,4571,
19.13,-5.29,-22.19,4577,
18.97,-5.36,-21.25,4584,
18.71,-4.98,-21.22,4590,
18.96,-5.33,-21.03,4596,
19,-5.06,-21.5,4603,
18.87,-5.45,-21.21,4610,
18.84,-5.07,-22.04,4616,
19.22,-5.2,-21.63,4622,
19.22,-5.01,-22.01,4629,
19.03,-4.75,-22.01,4635,
18.84,-4.75,-21.24,4641,
18.37,-4.46,-22.42,4648,
18.84,-4.82,-22.42,4655,
19.06,-4.63,-21.02,4661,
18.96,-4.53,-21.85,4668,
18.68,-5.01,-21.4,4674,
18.56,-5.01,-21.34,4680,
18.5,-4.94,-22.11,4687,
18.72,-4.93,-22.03,4694,
19.18,-4.98,-22.04,4700,
18.87,-5.09,-21.97,4707,
18.62,-4.85,-21.91,4713,
18.28,-4.65,-21.79,4719,
18.63,-5.06,-21.98,4725,
18.75,-4.88,-22.1,4732,
18.4,-5.06,-22.55,4739,
18.69,-4.69,-22.24,4745,
18.43,-5.2,-22.07,4752,
18.81,-5.31,-22.33,4758,
18.62,-5,-22.14,4764,
18.59,-4.78,-21.88,4771,
18.3,-4.81,-21.82,4777,
18.49,-5.41,-21.95,4784,
18.72,-4.81,-21.75,4791,
18.36,-4.98,-21.59,4797,
18.5,-4.71,-21.48,4803,
18.5,-4.46,-21.89,4810,
18.52,-4.81,-21.22,4816,
18.87,-5.04,-21.91,4823,
18.5,-4.56,-21.28,4829,
18.33,-5.22,-21.63,4836,
18.81,-5.12,-21.56,4842,
18.36,-5.63,-21.5,4848,
18.31,-4.76,-21.7,4855,
18.53,-5.16,-21.81,4861,
18.01,-5.36,-21.65,4868,
18.84,-5.44,-21.78,4875,
18.72,-4.91,-21.86,4881,
18.61,-5.19,-22.1,4887,
18.62,-4.98,-22.14,4894,
18.34,-4.62,-22.32,4900,
18.78,-4.71,-22.62,4908,
18.84,-4.43,-22.3,4914,
18.18,-4.98,-22.81,4920,
18.56,-5.25,-22.08,4927,
18.33,-4.97,-22.07,4933,
18.15,-4.91,-22.45,4939,
18.25,-4.56,-22.07,4946,
18.62,-4.66,-22.23,4953,
18.58,-4.69,-22.11,4959,
18.62,-4.85,-22.14,4965,
18.8,-4.55,-22.83,4972,
18.66,-4.78,-22.38,4978,
18.53,-4.84,-21.82,4984,
18.96,-4.47,-22.07,4992,
18.43,-4.82,-22.9,4998,
18.56,-5.03,-21.97,5004,
18.12,-5.03,-21.62,5011,
18.28,-4.62,-21.78,5017,
18.88,-4.88,-22.16,5023,
18.49,-4.81,-22.57,5030,
18.25,-4.94,-21.67,5037,
18.69,-4.6,-22.01,5043,
18.63,-5.12,-21.86,5049,
22.38,-4.84,-21.76,5055,
18.99,-5.14,-21.89,5062,
18.68,-4.65,-22.2,5068,
18.68,-4.65,-21.76,5074,
18.58,-4.74,-21.76,5082,
18.34,-4.74,-21.78,5088,
18.55,-4.74,-21.78,5094,
18.36,-4.81,-21.44,5101,
18.12,-4.49,-22.43,5107,
18.61,-4.78,-22.11,5113,
18.33,-4.71,-22.62,5121,
18.23,-4.43,-22.01,5127,
18.3,-4.87,-22.41,5133,
18.36,-4.65,-22.39,5140,
18.24,-4.47,-22.19,5146,
18.44,-4.65,-22.55,5152,
18.78,-4.79,-22.32,5159,
18.52,-4.63,-22.67,5166,
18.43,-4.68,-21.86,5172,
18.44,-4.69,-22.48,5178,
18.14,-5.07,-22.05,5185,
18.44,-4.59,-22.57,5191,
18.33,-4.31,-22.49,5197,
18.75,-4.79,-21.41,5204,
18.59,-4.31,-22.33,5211,
18.66,-4.87,-21.81,5217,
19.35,-4.66,-22.03,5224,
18.52,-4.94,-21.67,5230,
18.34,-5.23,-22.35,5236,
18.62,-4.71,-21.94,5242,
18.44,-4.88,-21.57,5250,
18.25,-4.53,-21.73,5256,
18.33,-4.82,-21.85,5262,
18.33,-4.65,-22.38,5269,
18.69,-4.46,-21.89,5275,
18.66,-4.76,-22.33,5281,
18.8,-5.01,-22.19,5288,
18.82,-4.55,-22.38,5295,
18.96,-4.55,-22.27,5301,
18.65,-4.78,-22.05,5308,
18.68,-4.24,-21.78,5314,
18.87,-4.52,-22.17,5320,
18.88,-5.09,-22.14,5327,
18.93,-4.84,-22.32,5334,
19.1,-4.55,-21.92,5340,
19.01,-4.66,-22.17,5346,
18.9,-4.44,-21.72,5353,
19.22,-4.9,-21.95,5359,
18.44,-4.78,-21.53,5365,
18.68,-5.06,-21.66,5372,
18.69,-4.93,-22.19,5379,
18.63,-4.85,-22.42,5385,
18.33,-4.69,-22.38,5392,
18.46,-4.44,-22.07,5398,
19.01,-4.81,-22.11,5404,
18.53,-4.56,-21.98,5411,
18.33,-4.56,-22.07,5417,
18.87,-4.56,-22.26,5424,
18.58,-4.69,-22.45,5431,
18.82,-4.24,-22.68,5437,
18.55,-4.12,-23.25,5443,
18.53,-4.95,-22.8,5449,
18.84,-4.91,-22.32,5456,
18.52,-4.91,-21.75,5463,
18.52,-4.91,-21.59,5469,
18.3,-5.2,-21.98,5476,
18.66,-5.2,-22.22,5482,
18.28,-4.93,-22.22,5488,
18.31,-4.78,-22.17,5495,
18.61,-5.42,-22.16,5501,
18.28,-4.84,-22.92,5508,
18.62,-5.19,-22.95,5515,
18.59,-4.94,-22.36,5521,
18.87,-5.28,-22.89,5527,
18.82,-5.25,-22.58,5534,
18.77,-5.1,-22.6,5540,
18.77,-4.97,-21.97,5547,
18.78,-5.12,-22.22,5553,
18.65,-5.04,-22.23,5560,
18.69,-4.78,-21.89,5566,
18.81,-5.16,-22.45,5572,
18.69,-5.52,-22.14,5579,
18.46,-5.09,-22.58,5585,
18.71,-5.48,-22.3,5592,
18.63,-5.28,-21.98,5599,
18.62,-5.19,-22.3,5605,
18.69,-4.88,-22,5611,
18.58,-5.03,-21.75,5618,
18.72,-4.98,-22.1,5624,
18.33,-4.85,-22.1,5630,
18.53,-5.58,-22.13,5638,
18.56,-5.41,-22.13,5644,
18.75,-4.84,-22.17,5650,
18.66,-4.93,-21.94,5656,
18.59,-5.44,-22.05,5663,
18.46,-4.91,-21.63,5669,
18.85,-4.88,-22.39,5676,
18.53,-5.25,-22.39,5683,
18.85,-5.14,-22.29,5689,
19.15,-4.9,-22.2,5695,
18.37,-4.87,-22.9,5702,
18.69,-4.82,-22.2,5708,
18.53,-4.85,-22.6,5714,
18.87,-4.88,-22.22,5722,
19,-4.76,-22.2,5728,
19.18,-4.38,-22.77,5735,
18.68,-4.57,-22.43,5741,
18.62,-5.35,-21.85,5747,
18.49,-5.23,-22.08,5753,
18.59,-4.93,-22.35,5761,
18.59,-4.76,-22.05,5767,
18.88,-4.74,-21.95,5773,
18.66,-4.95,-21.82,5780,
17.89,-4.93,-22.17,5786,
18.3,-4.97,-22.45,5792,
18.21,-5.09,-22.38,5799,
18.27,-4.94,-22.58,5806,
18.5,-4.82,-22.3,5812,
18.5,-4.88,-22.62,5819,
18.46,-4.52,-22.16,5825,
18.17,-4.38,-21.5,5831,
18.75,-4.91,-21.94,5838,
18.55,-4.33,-21.75,5844,
18.72,-4.74,-22.22,5851,
18.59,-4.75,-21.66,5858,
18.68,-4.98,-22.26,5864,
18.69,-5.44,-22.62,5870,
18.78,-5.19,-22.43,5876,
18.8,-5.06,-21.78,5882,
18.8,-5.07,-22.3,5890,
18.71,-4.5,-22.73,5896,
18.71,-4.5,-22.22,5902,
18.53,-4.72,-22.13,5909,
18.3,-4.65,-22.13,5915,
18.36,-4.65,-22.13,5921,
18.88,-4.87,-22.51,5928,
18.65,-4.88,-22.27,5935,
18.65,-4.71,-21.91,5941,
18.81,-4.97,-22.22,5948,
18.46,-4.88,-22.35,5954,
18.69,-5.33,-22.43,5960,
18.74,-5.28,-22.67,5967,
18.72,-4.94,-22.77,5974,
19.01,-4.82,-21.86,5980,
18.81,-5.29,-22.04,5987,
18.91,-4.66,-22.11,5993,
18.85,-4.71,-21.54,5999,
18.21,-5.03,-21.62,6005,
18.8,-5.01,-22.08,6012,
18.39,-4.65,-22.24,6019,
18.71,-4.94,-21.79,6025,
18.56,-4.76,-22.07,6032,
18.21,-5.42,-21.94,6038,
18.05,-5.39,-21.72,6044,
18.49,-5.41,-22.1,6051,
18.69,-4.91,-22.32,6057,
18.8,-5.01,-21.94,6064,
18.53,-5.12,-21.97,6070,
18.37,-4.53,-21.95,6077,
18.58,-4.65,-22.24,6083,
18.87,-5,-22.2,6089,
18.42,-10.07,-22.04,6096,
18.3,3.76,-23.75,6103,
18.63,-12.26,-19.38,6109,
18.33,-2.28,-24.54,6116,
19.07,-2.25,-20.48,6122,
18.68,-12.22,-21.29,6128,
18.65,3.33,-23.5,6135,
18.33,-11.31,-19.48,6141,
18.39,-3.62,-24,6148,
18.33,-1.01,-20.36,6155,
18.55,-13.1,-21.09,6161,
18.31,3.68,-24.17,6167,
18.44,-9.98,-19.28,6173,
18.53,-5.2,-23.9,6180,
18.02,0.67,-20.86,6187,
17.89,-13.02,-20.78,6193,
18.06,2.7,-24.04,6200,
17.96,-8.35,-19.18,6206,
18.49,-6.43,-23.55,6212,
18.59,2.63,-21.65,6219,
18.18,-13.02,-20.29,6225,
18.09,2.54,-24.29,6232,
18.49,-6.99,-19.39,6239,
18.58,-7.78,-23.28,6245,
18.37,3.17,-22.86,6251,
18.46,-13.14,-19.92,6258,
18.3,1.21,-24.47,6264,
19.09,-5.74,-20.11,6270,
18.93,-9.56,-22.92,6277,
18.8,3.55,-23.05,6284,
19.13,-13.39,-19.98,6290,
15.39,0.1,-24.86,6296,
18.55,-4.03,-20.62,6303,
18.66,-7.78,-22.1,6309,
18.52,-10.8,-22.96,6316,
18.34,3.17,-19.22,6323,
18.4,-12.28,-19,6329,
18.18,-1.53,-24.31,6335,
18.63,-2.47,-20.1,6342,
18.63,-11.74,-21.63,6348,
18.66,4.12,-23.44,6354,
18.62,-11.65,-19.48,6362,
18.72,-3.33,-23.38,6368,
18.96,-1.13,-21,6374,
19.25,-12.7,-20.99,6380,
18.74,3.32,-23.79,6387,
18.75,-10.48,-19.26,6393,
18.8,-4.59,-24.01,6400,
18.66,0.19,-20.86,6407,
18.81,-13.08,-20.74,6413,
18.84,3.35,-23.66,6419,
18.74,-8.52,-18.93,6426,
18.62,-5.98,-23.14,6432,
18.71,1.77,-21.44,6438,
19.12,-13.08,-20.3,6446,
18.63,3,-24.09,6452,
19.04,-7.19,-19.66,6458,
18.9,-7.16,-23.57,6465,
18.62,3.17,-21.92,6471,
19.19,-13.55,-20.2,6477,
18.8,1.58,-24.47,6483,
18.84,-5.28,-19.79,6491,
18.84,-8.49,-22.73,6497,
19.06,3.84,-22.58,6503,
18.55,-12.95,-19.72,6510,
18.78,0.53,-24.2,6516,
18.78,-4.5,-19.94,6522,
19.04,-10.38,-22.55,6530,
18.91,3.84,-22.89,6536,
19.23,-12.66,-19.66,6542,
18.91,-1.36,-24.35,6549,
18.85,-3,-20.49,6555,
19.13,-11.33,-21.89,6561,
18.69,3.87,-23.59,6568,
19.01,-11.75,-19.86,6575,
18.78,-2.97,-24.36,6581,
18.52,-1.77,-20.75,6588,
18.42,-12.51,-21.41,6594,
18.72,3.68,-24.29,6600,
19,-10.57,-19.85,6607,
19.07,-4.08,-25.01,6614,
18.8,0,-22,6620,
18.63,-13.61,-22.35,6627,
18.5,3.19,-24.51,6633,
18.9,-9.66,-20.14,6639,
18.77,-5.71,-24.33,6646,
18.82,1.53,-22.38,6652,
18.8,-13.39,-21.59,6659,
18.61,2.88,-24.85,6666,
18.75,-7.75,-20.05,6672,
18.71,-7.03,-23.72,6678,
18.74,2.72,-22.29,6685,
18.77,-12.8,-20.93,6691,
18.2,2.1,-24.95,6697,
18.42,-6.26,-20.1,6704,
18.25,-8.73,-23.38,6710,
18.25,3.29,-22.38,6717,
18.66,-13.07,-19.42,6723,
18.66,1.9,-24.22,6729,
18.77,0.64,-19.48,6736,
18.75,-10.51,-22.1,6743,
19.39,-10.51,-22.1,6749,
18.5,3.49,-22.8,6756,
18.94,-12.69,-23.22,6762,
18.61,-0.72,-24.41,6768,
18.65,-3.19,-19.72,6775,
18.62,-11.55,-21.53,6781,
18.75,3.68,-23.37,6788,
18.85,-12.28,-19.32,6795,
18.78,-2.32,-24.19,6801,
18.97,-1.83,-20.89,6807,
19.23,-12.19,-21.72,6814,
18.85,4.06,-23.5,6820,
19.03,-10.74,-19.41,6827,
19.39,-3.41,-24.14,6833,
19.01,-0.07,-21.03,6840,
18.9,-12.85,-21.05,6846,
18.52,3.77,-24.03,6852,
18.74,-9.47,-19.83,6859,
19.03,-5.32,-24.2,6865,
18.56,1.11,-22.03,6872,
19.28,-12.89,-20.39,6879,
18.77,3.23,-23.84,6885,
19,-8.42,-19.37,6891,
18.78,-6.66,-22.98,6897,
19.12,2.27,-21.73,6904,
19.42,-13.33,-19.98,6910,
19.1,2.22,-24.36,6917,
19.12,-7.23,-19.83,6924,
18.85,-8.32,-23.06,6930,
18.9,2.85,-22.11,6936,
18.72,-13.61,-19.91,6943,
19.01,-0.06,-23.84,6949,
19.1,-5.31,-19.41,6956,
18.87,-9.85,-22.84,6963,
18.81,3.11,-22.79,6969,
19.12,-12.98,-19.66,6975,
18.77,-0.76,-24.28,6982,
18.97,-3.99,-20.39,6988,
19.31,-11.65,-21.7,6994,
18.82,3.54,-23.28,7001,
18.46,-12.51,-20.3,7008,
18.85,-1.94,-24.55,7014,
19.13,-2.13,-20.52,7020,
19.04,-12.15,-21.66,7027,
19.26,3.86,-23.71,7033,
19.1,-11.31,-19.57,7040,
18.85,-3.61,-24.31,7047,
19.07,-0.6,-21.35,7053,
19.01,-12.64,-21.91,7059,
19.09,3.48,-24.58,7066,
19.39,-10.22,-19.32,7072,
19.04,-5.01,-24.25,7078,
18.93,0.57,-21.88,7086,
19.28,-13.42,-21.1,7092,
18.77,2.98,-23.69,7098,
19.01,-8.8,-19.29,7104,
19.07,-6.83,-23.49,7111,
18.71,1.81,-21.38,7117,
18.75,-13.2,-20.07,7123,
18.75,1.78,-24,7131,
18.74,-7.31,-19.75,7137,
18.85,-11.05,-23.95,7143,
18.77,-8.33,-22.79,7150,
18.8,2.79,-19.04,7156,
19.06,-12.95,-20.77,7162,
19.15,1.55,-24.54,7170,
18.31,-5.64,-20.23,7176,
18.94,-9.24,-23.08,7182,
18.5,3.46,-23.44,7189,
18.56,-13.04,-20.07,7195,
18.71,-0.2,-24.82,7201,
19.03,-3.86,-20.51,7207,
18.94,-10.61,-22.61,7215,
18.53,3.76,-23.12,7221,
18.59,-12.17,-20.14,7227,
19.18,-1.64,-24.44,7234,
18.74,-2.75,-20.77,7240,
18.47,-11.39,-21.88,7246,
18.53,4.11,-23.3,7254,
18.69,-11.28,-19.39,7260,
18.65,-3.1,-24.2,7266,
18.74,-1.07,-20.68,7273,
18.59,-12.8,-21.76,7279,
18.43,3.6,-24.04,7285,
18.88,-10.3,-19.39,7292,
19.09,-4.69,-23.88,7299,
18.94,0.06,-20.87,7305,
19.09,-13.43,-20.86,7311,
18.72,3.24,-23.47,7318,
18.82,-9.24,-19.56,7324,
18.96,-5.98,-23.56,7330,
18.55,2.22,-21.95,7337,
18.8,-13.23,-20.74,7344,
18.27,2.86,-23.95,7350,
18.85,-7.26,-19.34,7357,
19.13,-7.6,-23.78,7363,
18.78,3.22,-22.11,7369,
18.88,-13.26,-19.98,7376,
18.9,1.48,-24.93,7383,
19.12,-6.07,-20.24,7390,
19.09,-9.32,-23.09,7396,
18.71,2.79,-22.84,7402,
18.87,-13.59,-20.27,7408,
18.68,-0.18,-24.51,7415,
18.84,-4.57,-20.21,7421,
18.87,-10.44,-22.79,7428,
19.07,3.71,-22.68,7435,
19.04,-12.54,-19.64,7441,
18.84,-1.18,-24.36,7447,
18.71,-2.66,-20.39,7454,
18.8,-11.15,-21.56,7460,
18.87,3.93,-23.22,7467,
19.28,-11.15,-19.35,7474,
19.23,-2.51,-23.9,7480,
19.06,-1.15,-20.18,7486,
19.42,-12.48,-20.87,7493,
19.03,3.7,-23.75,7499,
19.23,-10.63,-19.94,7505,
18.9,-4.24,-23.84,7513,
19,-0.09,-21.51,7519,
18.9,-13.31,-21.46,7525,
19.16,3.17,-24.42,7531,
19.5,-9.25,-20.04,7537,
19.29,-5.58,-23.78,7544,
19.32,1.49,-21.41,7550,
19.32,-12.7,-20.33,7557,
19.15,2.27,-24.23,7564,
18.97,-7.18,-19.35,7570,
18.97,-7.18,-23.09,7576,
18.77,-7.26,-23.03,7583,
18.66,2.72,-20.33,7589,
19.04,-12.99,-20.33,7596,
19.04,1.74,-24.39,7603,
18.97,-6.15,-20.05,7609,
19.13,-8.35,-22.99,7615,
19.01,3.46,-22.92,7622,
19.31,-12.67,-20.14,7628,
19.04,0.66,-24.52,7634,
19.15,-4.28,-20.67,7641,
19.22,-9.95,-22.8,7648,
19,3.9,-22.89,7654,
19.25,-12.64,-19.95,7660,
19.07,-1.2,-24.32,7667,
18.87,-3.05,-20.18,7673,
18.9,-11.15,-21.47,7680,
18.72,4.43,-23.12,7687,
18.77,-11.6,-19.34,7693,
18.77,-1.9,-23.98,7699,
18.42,-1.36,-20.99,7706,
18.78,-12.47,-21.4,7712,
18.52,3.6,-23.72,7718,
18.87,-10.55,-20.05,7725,
18.97,-3.57,-24.39,7732,
18.77,-0.34,-21.85,7738,
18.94,-12.79,-21.66,7744,
18.65,3.57,-24.55,7751,
18.88,-8.54,-19.76,7757,
19.12,-5.52,-24.19,7763,
18.77,1.2,-21.63,7771,
18.71,-13.08,-20.42,7777,
18.8,3.51,-24.74,7783,
18.74,-7.72,-19.73,7790,
18.74,-6.71,-23.56,7796,
18.52,2.19,-22.2,7802,
18.8,-13.46,-20.51,7810,
19.07,1.91,-24.58,7816,
19.34,-6.97,-19.95,7822,
18.91,-8.51,-23.76,7828,
18.99,3.33,-23.03,7835,
19.12,-12.98,-20.52,7841,
19.12,0.69,-25.17,7847,
19.28,-4.69,-20.29,7855,
19.5,-10.11,-22.89,7861,
18.77,3.87,-22.96,7867,
19.03,-12.88,-19.92,7874,
19.25,-0.91,-25.07,7880,
19.03,-3.52,-20.58,7886,
19.2,-11.12,-22.01,7894,
19.13,3.41,-23.87,7900,
19.03,-12.15,-20.08,7906,
19.13,-2.46,-25.18,7913,
19.22,-1.81,-21.12,7919,
19.31,-12.29,-22.22,7925,
18.72,3.13,-24.54,7931,
19.23,-11.21,-19.85,7939,
19.09,-4.3,-24.38,7945,
19.37,-1.1,-21.37,7951,
19.39,-13.27,-21.02,7958,
19.39,3.83,-24.17,7964,
19.39,-9.46,-19.82,7970,
19.16,-5.51,-24.6,7977,
19.39,1.97,-22.1,7984,
19.12,0.77,-21.29,7990,
19.32,-13.53,-25.04,7997,
19.01,2.92,-24.67,8003,
19.07,-8.3,-20.26,8009,
19,-7.19,-24.03,8016,
19.09,2.18,-21.84,8023,
19.53,-13.42,-20.52,8029,
19.28,1.94,-24.07,8035,
19.03,-6.5,-19.57,8042,
19.12,-8.24,-22.77,8048,
19,3.43,-22.79,8054,
19.19,-12.53,-20.01,8061,
19.35,0.82,-24.52,8068,
19.16,-5.06,-19.98,8074,
19.38,-9.84,-22.89,8081,
18.84,3.74,-22.7,8087,
19.25,-12.64,-19.82,8093,
19.06,-0.77,-24.32,8100,
19.13,-3.96,-20.55,8107,
18.94,-11.12,-22.51,8113,
18.74,3.61,-23.24,8120,
18.87,-12.51,-20.14,8126,
18.81,-2.28,-25.02,8132,
19.25,-2.66,-20.99,8138,
19.07,-12.12,-22.04,8145,
18.97,3.92,-24.28,8152,
18.96,-11.01,-19.48,8158,
18.91,-3.3,-24.35,8165,
19.03,-1.21,-20.81,8171,
19.07,-13.12,-21.08,8177,
18.72,2.88,-23.9,8184,
19,-9.92,-19.69,8190,
19.01,-4.93,-24.13,8197,
19.22,0.91,-22.35,8204,
18.84,-13.31,-21.13,8210,
18.93,2.92,-23.88,8217,
18.96,-8.59,-19.63,8223,
18.93,-6.58,-24.12,8229,
18.96,2.21,-22.77,8236,
19.03,-13.37,-21.27,8243,
19.01,2.5,-25.14,8249,
18.9,-7.04,-20.2,8255,
18.87,-7.79,-23.85,8262,
18.68,2.76,-22.76,8268,
19,-13.24,-20.86,8274,
18.87,0.96,-24.74,8282,
18.82,-5.47,-20.62,8288,
18.87,-9.41,-23.22,8294,
18.88,3.19,-23.81,8301,
19,-13.48,-19.79,8307,
19.06,-0.98,-24.28,8313,
18.97,-4.4,-20.75,8321,
19.06,-11.24,-22.04,8327,
18.58,3.67,-23.24,8333,
19.31,-12.45,-20.07,8340,
19.25,-1.61,-24.58,8346,
18.99,-2.7,-20.91,8352,
18.94,-12,-21.84,8358,
19.26,3.43,-23.79,8365,
19.19,-11.44,-19.72,8372,
18.88,-3.24,-24.71,8378,
18.77,-1.02,-21.34,8384,
18.77,-13.2,-21.24,8391,
18.75,3.29,-24.54,8397,
18.75,-7.94,-19.86,8403,
18.47,-10.52,-24.01,8411,
22.35,0.53,-21.59,8417,
19.07,0.53,-21.59,8423,
19.01,-13.3,-21.06,8430,
18.53,3.03,-19.41,8436,
18.69,-8.99,-19.41,8442,
18.78,-6.84,-23.95,8450,
18.69,1.3,-22.29,8456,
18.69,-13.5,-20.59,8462,
18.4,2.32,-24.13,8468,
18.68,-7.22,-19.67,8475,
18.49,-7.76,-23.27,8481,
18.62,2.62,-22.65,8487,
18.81,-12.93,-20.24,8495,
18.77,1.7,-25.05,8501,
18.87,-5.42,-19.41,8507,
18.66,-9,-22.41,8514,
18.94,4,-22.84,8520,
18.91,-12.82,-20.1,8526,
18.69,-0.01,-24.22,8534,
18.74,-4.06,-20.23,8540,
18.78,-10.98,-22.86,8546,
18.59,2.94,-24.01,8552,
18.99,-12.63,-20.1,8559,
18.63,-1.67,-24.93,8565,
18.31,-2.81,-20.75,8571,
18.75,-11.74,-22.7,8579,
18.65,3.76,-24.29,8585,
18.75,-11.24,-20.23,8591,
18.82,-3.35,-24.86,8598,
18.96,-1.23,-21.62,8604,
18.71,-12.76,-21.25,8610,
18.5,3.6,-24.03,8617,
18.5,-10.29,-19.38,8624,
18.33,-4.5,-24.14,8630,
18.49,0.32,-21.32,8637,
18.81,-13.02,-20.97,8643,
18.55,2.76,-24.79,8649,
18.8,-9.15,-19.63,8655,
18.88,-6.37,-23.82,8663,
18.99,1.49,-22.08,8669,
18.84,-13.62,-20.83,8675,
18.77,2.09,-24.85,8682,
18.91,-7.69,-19.22,8688,
19.16,-8.16,-23.19,8694,
18.78,2.85,-22.35,8701,
18.85,-13.46,-19.94,8708,
19.22,1.1,-25.15,8714,
19.13,-5.9,-20.4,8721,
18.85,-9.65,-22.68,8727,
18.78,3.11,-22.7,8733,
18.88,-12.99,-19.83,8740,
18.61,-0.04,-24.54,8747,
19.2,-4.27,-20.27,8753,
18.82,-10.82,-23.06,8759,
18.8,3.67,-23.3,8766,
19.06,-12.13,-19.99,8772,
19.37,-1.05,-24.39,8778,
19.15,-2.62,-21.09,8785,
19.18,-11.47,-22.48,8792,
19.06,4,-24,8798,
19.23,-11.33,-19.86,8805,
19.2,-2.75,-24.57,8811,
19.2,-1.18,-21.05,8817,
19.16,-12.16,-21.19,8824,
19.01,6.55,-24,8830,
19.06,4.05,-19.64,8837,
19.15,-10.03,-23.38,8844,
18.9,-4.47,-23.82,8850,
18.72,0.35,-20.96,8856,
18.71,-12.89,-21.44,8862,
18.81,3.3,-24.23,8869,
18.99,-9.15,-19.66,8876,
19.35,-6.26,-23.97,8882,
19.25,1.45,-22.24,8889,
19.19,-13.46,-20.94,8895,
18.68,2.54,-24.25,8901,
18.81,-7.95,-19.95,8908,
18.97,-7.75,-23.25,8914,
18.68,2.48,-22.46,8921,
18.68,-13.15,-20.83,8928,
18.75,1.42,-24.98,8934,
18.62,-5.93,-20.67,8940,
18.93,-9.25,-23.87,8947,
18.59,3.23,-23.08,8953,
19.31,-13.15,-20.65,8960,
18.78,0.07,-24.77,8966,
19.32,-4.63,-20.83,8973,
19.09,-10.74,-22.93,8979,
19.22,3.48,-23.84,8985,
19.26,-13.05,-20.32,8992,
19.2,-1.55,-24.39,8998,
18.88,-3.48,-20.59,9005,
19.09,-11.97,-22.13,9012,
19.26,3.3,-23.68,9018,
19.15,-11.87,-19.69,9024,
19.12,-3.1,-24.55,9031,
18.99,-1.61,-21.22,9037,
19.18,-12.79,-21.43,9044,
18.61,3.39,-23.82,9051,
19,-10.71,-19.41,9057,
19.04,-4.22,-23.62,9063,
19.01,-0.06,-21.06,9070,
19.12,-13.3,-21.1,9076,
19.04,3,-24.32,9082,
19.22,-9.54,-19.89,9090,
19.38,-6.26,-23.53,9096,
18.99,1.75,-21.63,9102,
19.54,-13.24,-20.86,9109,
19.15,2.38,-24.28,9115,
19.32,-7.44,-19.83,9121,
19.39,-7.48,-23.62,9128,
19.09,2.41,-22.48,9135,
19.31,-13.24,-20.24,9141,
19.61,1.59,-24.82,9148,
19.73,-6.47,-19.88,9154,
19.61,-9.27,-23.28,9160,
19.29,3.38,-23.57,9167,
19.47,-13.42,-21.03,9174,
19.48,0.1,-25.15,9180,
19.5,-4.34,-20.94,9186,
19.53,-10.41,-23.33,9192,
19.79,3.38,-23.22,9199,
19.48,-12.74,-20.11,9205,
19.51,-1.46,-25.52,9211,
19.69,-3.45,-20.74,9219,
19.6,-11.72,-22.49,9225,
19.2,3.58,-24.07,9231,
19.44,-11.82,-20.42,9238,
19.34,-2.54,-24.82,9244,
19.34,-1.46,-22.03,9250,
18.82,-12.69,-21.75,9257,
18.91,3.86,-24.26,9264,
18.91,3.86,-19.91,9270,
19.32,-10.61,-19.91,9277,
19.2,3.35,-20.75,9283,
19.01,0.04,-20.75,9289,
19.09,-13.21,-21.38,9296,
18.78,3.39,-24.5,9303,
19.09,-9.02,-19.72,9309,
19.23,-5.64,-24.19,9315,
18.74,0.85,-21.82,9322,
19.28,-13.04,-20.77,9328,
19.13,2.79,-24.89,9334,
19.41,-7.73,-19.88,9341,
19.38,-7.06,-23.84,9348,
19,2.69,-23.41,9354,
19.29,-13.46,-20.93,9361,
19.25,1.56,-24.54,9367,
18.97,-6.17,-20.1,9373,
19.39,-9.06,-22.92,9379,
19.31,3.35,-22.42,9387,
19.04,-13.37,-19.76,9393,
18.84,0.42,-24.64,9399,
19.37,-5.33,-19.56,9406,
19.04,-10.11,-22.33,9412,
19.29,3.2,-22.83,9418,
19.25,-12.7,-19.25,9425,
18.99,-0.73,-24.16,9432,
18.96,-3.13,-19.82,9438,
18.85,-11.78,-21.91,9445,
18.81,3.57,-23.02,9451,
19.2,-12.38,-19.29,9457,
19.1,-2.31,-24,9464,
19.13,-1.46,-20.84,9470,
19.07,-12.58,-22.05,9477,
18.99,3.77,-24.25,9483,
19.18,-10.86,-19.41,9490,
19.15,-4.21,-24.29,9496,
18.87,-0.47,-21.48,9502,
19.28,-13.08,-21.95,9509,
18.77,3.35,-24.44,9516,
19.01,-9.54,-19.38,9522,
19.06,-5.58,-24.54,9529,
18.8,0.99,-21.28,9535,
19.01,-13.24,-21.08,9541,
18.56,3.05,-24.61,9548,
18.97,-7.76,-20.2,9554,
19.1,-6.81,-23.79,9561,
19.18,2.4,-22.36,9568,
19.18,-13.45,-20.62,9574,
18.81,2.05,-24.31,9580,
19.06,-7.12,-19.66,9586,
19.8,-8.42,-23.15,9593,
19.47,2.6,-22.99,9600,
19.47,-12.95,-20.29,9606,
19.18,0.5,-24.82,9613,
19.26,-5.26,-20.05,9619,
19.13,-9.91,-22.81,9625,
18.87,3.68,-23.33,9632,
19.41,-13.01,-20.39,9638,
19.22,-0.58,-24.77,9645,
19.06,-3.8,-20.05,9652,
19.42,-11.27,-22.67,9658,
19.42,3.77,-23.41,9664,
19.35,-14.94,-19.51,9671,
19.25,-11.91,-24.22,9677,
18.88,-2.03,-20.48,9683,
19.01,-1.86,-21.27,9690,
19.09,-12.35,-22.38,9697,
19,3.39,-24.5,9703,
19.23,-11.56,-20.21,9709,
18.81,-3.87,-24.28,9716,
19.29,-1.33,-20.94,9722,
19.6,-13.52,-21.57,9729,
19.04,3.23,-24.03,9736,
19.04,-10.51,-19.29,9742,
19.13,-5.12,-24.06,9748,
19.12,0.51,-21.03,9755,
19.19,-13.49,-20.71,9761,
18.81,2.69,-23.98,9767,
19.04,-8.87,-19.72,9775,
19.16,-6.93,-23.71,9781,
19.16,1.99,-21.91,9787,
19.25,-13.48,-20.53,9793,
19.09,1.97,-24.57,9800,
19.12,-6.91,-20.29,9806,
18.88,-8.16,-23.44,9812,
18.84,2.54,-22.93,9820,
18.39,-13.37,-21,9826,
18.69,1.17,-25.11,9832,
18.93,-5.52,-20.13,9839,
19.39,-9.66,-23.3,9845,
18.97,3.58,-23.4,9851,
19.06,-13.15,-19.98,9859,
19.09,-0.5,-24.83,9865,
18.97,-4.02,-20.81,9871,
18.74,-10.99,-22.67,9878,
18.93,3.6,-23.49,9884,
18.61,-12.72,-18.9,9890,
19.06,-1.78,-24.29,9896,
18.9,-2.66,-20.27,9904,
18.81,-12.17,-22.13,9910,
18.56,3.48,-23.33,9916,
18.84,-11.87,-19.83,9923,
18.88,-3.62,-24.13,9929,
19.1,-1.42,-21.1,9935,
19.2,-13.18,-22.04,9943,
18.97,3.23,-23.59,9949,
19.06,-10.63,-19.45,9955,
18.96,-4.78,-24.1,9962,
18.66,-0.04,-21.76,9968,
18.99,-13.27,-21.08,9974,
18.63,2.65,-24.54,9981,
18.77,-9.19,-19.58,9988,
18.68,-6.84,-23.47,9994,
18.85,1.23,-21.75,10001,
19.25,-13.78,-21.15,10007,
19.47,2.24,-24.09,10013,
18.8,-7.53,-19.67,10020,
19.07,-7.98,-23.31,10027,
19.03,1.94,-22.84,10033,
18.99,-13.14,-20.36,10039,
18.74,1.17,-24.41,10046,
19.04,-6.26,-20.32,10052,
18.96,-9.34,-22.54,10058,
19.2,2.92,-22.45,10065,
19.18,-13.2,-20.23,10072,
19.19,-0.28,-24.23,10078,
19.12,-4.76,-20.39,10085,
19.12,-8.51,-22.81,10091,
18.82,-10.77,-23.65,10097,
18.81,-12.58,-19.41,10104,
19.01,-12.58,-19.41,10110,
19.1,-1.72,-24.42,10117,
19.47,-3.38,-20.39,10124,
19.31,-12.36,-22.16,10130,
19.23,3.04,-23.75,10136,
19.25,-12.48,-20.02,10143,
19.23,-3.49,-24.47,10149,
19.04,-1.94,-20.9,10156,
19.1,-12.98,-22.05,10162,
19.13,3.7,-23.87,10169,
18.97,-10.71,-19.42,10175,
19.1,-4.36,-24.38,10181,
18.74,-0.28,-21.62,10188,
19.06,-12.82,-21.06,10194,
18.69,3,-24.01,10201,
18.78,-8.86,-19.31,10207,
18.8,-6.28,-23.74,10214,
18.56,1.13,-21.91,10220,
18.82,-13.02,-20.46,10226,
18.84,3.01,-24.36,10233,
19,-7.76,-19.67,10240,
18.66,-7.56,-23.85,10246,
18.9,2.12,-21.85,10253,
19.07,-13.77,-20.59,10259,
18.82,1.36,-24.69,10265,
18.99,-6.75,-19.54,10272,
18.77,-9.06,-22.57,10278,
18.8,3.07,-22.03,10285,
19.12,-12.66,-19.28,10292,
18.72,0.34,-23.71,10298,
19.01,-4.85,-19.16,10304,
18.91,-10.33,-21.65,10310,
19.09,3.76,-22.89,10317,
18.75,-13.14,-19.44,10323,
18.68,-1.33,-24.16,10330,
19.18,-3.27,-20.67,10337,
19.35,-11.31,-22,10343,
18.63,3.57,-23.88,10349,
18.81,-11.94,-19.91,10356,
18.99,-2.72,-23.87,10362,
18.77,-2.19,-20.3,10369,
18.72,-12.96,-21.05,10376,
18.82,3.19,-23.05,10382,
18.78,-11.06,-18.91,10388,
19.09,-4.43,-23.38,10395,
18.77,-0.45,-20.97,10401,
18.74,-12.85,-21.4,10407,
18.72,3.13,-23.87,10414,
19.01,-9.54,-19.12,10421,
19.03,-5.92,-23.02,10427,
18.47,1.17,-21.84,10433,
19.07,-13.34,-20.71,10440,
18.63,2.88,-24.14,10446,
19.15,-7.66,-19.85,10452,
18.81,-7.31,-23.37,10460,
18.87,2.53,-21.18,10466,
19.18,-13.15,-19.58,10472,
18.91,1.8,-23.88,10479,
18.84,-6.58,-19.04,10485,
18.9,-9.19,-23.19,10491,
18.9,3.27,-22.61,10499,
18.88,-13.01,-20.11,10505,
18.55,1.96,-23.95,10511,
18.65,0.72,-19.32,10517,
18.63,-4.49,-19.32,10524,
18.82,-9.65,-22.39,10530,
18.58,3.49,-22.73,10536,
18.58,-12.79,-19.8,10544,
18.85,-0.82,-24.33,10550,
18.49,-3.46,-20.1,10556,
18.39,-11.08,-21.54,10563,
18.21,3.79,-23.6,10569,
18.3,-11.82,-19.44,10575,
18.55,-2.08,-24.07,10583,
18.53,-1.64,-20.49,10589,
18.43,-12.15,-21.73,10595,
18.53,3.55,-23.41,10602,
18.87,-10.57,-19.67,10608,
18.68,-3.92,-23.57,10614,
19.03,-0.19,-21.28,10620,
18.52,-12.77,-20.59,10628,
18.71,3.42,-23.22,10634,
18.61,-9.35,-19,10640,
18.91,-5.69,-23.25,10647,
18.82,1.23,-21.21,10653,
18.36,-13.01,-20.2,10659,
18.37,3.11,-23.85,10667,
18.5,-8.07,-18.81,10673,
18.5,-6.93,-22.62,10679,
18.61,2.15,-21.35,10686,
18.72,-13.04,-19.72,10692,
18.33,2.19,-23.85,10698,
18.55,-6.52,-19.41,10705,
18.84,-8.17,-22.49,10712,
18.59,3.32,-21.69,10718,
18.68,-13.02,-19.42,10725,
18.25,0.86,-23.82,10731,
18.53,-5.19,-19.91,10737,
18.78,-10.51,-22.22,10743,
18.66,3.23,-22.54,10750,
19.01,-12.83,-19.53,10757,
18.69,-0.86,-23.81,10763,
18.94,-3.71,-19.89,10770,
19.04,-11.34,-22.24,10776,
18.75,3.61,-22.93,10782,
19.03,-12.04,-19.18,10789,
18.61,-2.31,-23.98,10796,
18.59,-2.5,-20.15,10802,
18.69,-12.25,-20.97,10809,
18.62,3.57,-23.24,10815,
18.53,-11.25,-19.1,10821,
18.59,-3.99,-23.74,10828,
18.78,-0.61,-20.04,10834,
18.91,-12.74,-20.43,10841,
18.63,3.76,-23.72,10848,
18.72,-9.69,-18.3,10854,
18.88,-5.33,-22.99,10860,
18.78,0.88,-20.49,10867,
19.03,-12.92,-19.75,10873,
18.4,2.76,-23.33,10880,
18.53,-8.35,-19,10887,
18.82,-6.43,-22.99,10893,
19.2,2.12,-21.57,10899,
19.03,-13.45,-20.21,10906,
18.9,2.22,-24,10912,
18.96,-6.56,-18.65,10918,
19.01,-7.4,-22.52,10926,
19.01,3.77,-21.57,10932,
18.63,3.77,-19.92,10938,
19.41,1.56,-23.87,10944,
18.88,1.56,-20.13,10950,
18.94,-5.1,-19.69,10957,
18.91,-9.35,-23.37,10963,
18.75,3.74,-23.37,10970,
18.77,-12.6,-19.85,10977,
18.46,-0.03,-23.95,10983,
18.42,-3.6,-20.04,10989,
18.36,-10.19,-22.22,10996,
18.24,4.44,-23.63,11002,
18.58,-11.74,-18.78,11009,
18.77,-1.7,-23.71,11016,
18.63,-2.24,-19.98,11022,
18.81,-12,-21.73,11028,
18.62,3.84,-23.36,11034,
18.77,-11.11,-19.1,11041,
18.82,-3,-24.12,11047,
18.65,-1.01,-20.65,11054,
19.15,-12.53,-21.66,11061,
18.63,3.81,-24.17,11067,
18.82,-9.91,-19.51,11073,
18.61,-4.52,-23.82,11080,
18.4,0.8,-21.28,11086,
18.78,-12.58,-20.45,11092,
18.78,3.49,-24.66,11100,
18.82,-8.56,-19.76,11106,
18.84,-6.15,-23.74,11112,
18.52,2.48,-22.2,11119,
18.74,-12.67,-20.77,11125,
18.62,2.92,-24.42,11131,
18.62,-6.77,-19.18,11138,
19.07,-7.29,-23.34,11145,
19.07,3.98,-22.22,11151,
18.81,-13.14,-20.65,11157,
19.22,1.55,-24.31,11164,
19.28,-5.2,-20.2,11170,
19.25,-8.83,-22.54,11176,
19.29,3.57,-22.74,11184,
18.99,-12.91,-19.88,11190,
18.93,0.13,-24.58,11196,
18.81,-3.7,-19.98,11203,
19.09,-10.48,-21.48,11209,
18.88,4.11,-22.67,11215,
19.26,-12.12,-19.15,11223,
18.9,-1.27,-23.79,11229,
19.22,-2.21,-19.89,11235,
19.25,-11.12,-21.4,11241,
18.61,3.93,-23.6,11248,
18.99,-10.86,-18.77,11254,
18.87,-2.65,-24.2,11260,
18.71,-1.11,-20.46,11268,
18.77,-12.34,-21.12,11274,
18.8,4.08,-23.75,11280,
19.19,-9.78,-18.91,11287,
19.31,-3.98,-23.28,11293,
19.12,0.88,-20.75,11299,
19.34,-12.26,-20.75,11307,
19,3.55,-24.01,11313,
19.09,-8.54,-18.66,11319,
19.13,-6.02,-22.98,11326,
19.1,2.21,-21.24,11332,
19.13,-12.85,-19.89,11338,
19.13,2.81,-23.97,11344,
18.97,-7.02,-19.42,11352,
19.01,-7.02,-23.03,11358,
19.22,-7.45,-19.29,11364,
19.01,2.91,-21.7,11371,
19.58,-12.69,-19.8,11377,
19.12,1.36,-24.23,11383,
19.37,-5.66,-20.2,11390,
19.5,-8.64,-22.42,11397,
19.44,3.74,-22.71,11403,
19.45,-12.32,-19.64,11410,
19.64,0.73,-24.36,11416,
19.47,-3.71,-20.8,11422,
19.38,-9.85,-22.81,11429,
19.18,4.28,-23.49,11436,
19.13,-11.87,-20.42,11442,
19.35,-0.76,-24.28,11448,
18.82,-1.8,-20.89,11455,
18.96,-11.21,-22.32,11461,
18.81,4.33,-24.1,11467,
19.19,-11.27,-20.11,11474,
19.47,-2.25,-24.44,11481,
19.09,-1.11,-21.27,11487,
18.8,-12.2,-22.24,11494,
19.01,4.27,-23.98,11500,
19.73,-10.03,-19.66,11506,
19.72,-3.89,-24.26,11513,
19.37,0.48,-21.41,11520,
19.42,-13.18,-20.86,11526,
19.23,3.16,-24.19,11533,
19.44,-9.11,-19.51,11539,
18.99,-5.82,-23.98,11545,
19.09,1.87,-21.47,11551,
19.42,-13.29,-20.52,11558,
19.25,2.82,-24.48,11565,
19.34,-7.02,-19.5,11571,
19.75,-7.18,-23.62,11578,
19.37,2.98,-22.35,11584,
19.44,-12.79,-20.29,11590,
19.25,1.97,-24.2,11597,
19.31,-5.58,-19.85,11603,
19.26,-8.55,-23.11,11610,
19.47,3.46,-22.13,11617,
19.41,-12.53,-19.25,11623,
19.41,0.31,-24.25,11629,
19.06,-4.3,-20.32,11636,
19.15,-9.88,-22.36,11642,
19.18,3.93,-23.11,11649,
19.5,-12.07,-19.89,11656,
19.15,-0.69,-24.51,11662,
19.26,-2.29,-20.74,11668,
18.96,-11.12,-22.43,11675,
18.9,3.9,-23.79,11681,
19.25,-11.56,-19.58,11687,
19.28,-2.59,-24.1,11695,
18.97,-1.11,-20.8,11701,
19.04,-12.16,-21.66,11707,
19.37,4.3,-23.66,11714,
19.64,-10.06,-19.15,11720,
19.89,-4.05,-24.01,11726,
19.66,0.79,-21.65,11734,
19.29,-12.42,-20.8,11740,
19.16,3.92,-23.84,11746,
19.56,-8.62,-19.07,11753,
19.41,-5.67,-23.46,11759,
19.12,1.93,-21.22,11765,
19.58,-13.02,-20.34,11771,
19.58,2.86,-24.28,11778,
19.64,-4.62,-19.75,11785,
19.61,-7.45,-23.06,11791,
19.88,-7.45,-19.32,11797,
19.32,2.56,-21.72,11804,
19.64,-13.04,-19.89,11810,
19.48,2.15,-24.35,11816,
19.57,-5.8,-19.39,11824,
19.6,-8.77,-22.33,11830,
19.26,3.39,-22.32,11836,
19.23,-13.07,-19.32,11843,
19.61,0.26,-24.03,11849,
18.93,-4.11,-19.91,11855,
19.83,-10.17,-22.58,11862,
18.99,3.61,-22.89,11869,
19.56,-12.53,-19.34,11875,
18.71,-1.15,-24.29,11881,
19.26,-2.86,-20.2,11888,
19.38,-11.55,-22.22,11894,
19.39,3.99,-23.68,11900,
19.42,-11.43,-19.85,11908,
19.47,-2.62,-25.08,11914,
19.54,-1.36,-21.1,11920,
19.5,-12.6,-21.91,11927,
19.06,3.67,-24.19,11933,
19.38,-10.54,-19.32,11939,
19.26,-4.21,-24,11947,
19.15,0.06,-21.21,11953,
19.6,-12.99,-20.86,11959,
19,3.3,-23.85,11965,
19.5,-8.86,-18.75,11972,
19.44,-5.77,-23.9,11978,
18.97,1.49,-21.62,11984,
19.04,-12.88,-20.61,11992,
19.09,3.13,-24.38,11998,
19.18,-7.44,-19.75,12004,
19.07,-6.91,-23.3,12011,
19.31,2.62,-21.72,12017,
19.28,-13.31,-20.4,12023,
19.28,2.05,-24.36,12030,
19.15,-6.21,-19.44,12037,
19.06,-8.54,-22.98,12043,
18.91,3.65,-22.7,12050,
19.07,-13.34,-20.05,12056,
18.68,0.34,-24.5,12062,
19,-4.5,-20.15,12068,
19.58,-10.41,-22.3,12076,
19.18,3.16,-22.93,12082,
19.06,-12.85,-19.64,12088,
19.16,-1.33,-24.38,12095,
19.12,-3.14,-20.1,12101,
19.47,-11.77,-21.4,12107,
19.26,3.32,-23.14,12114,
19.61,-12.1,-18.84,12121,
19.45,-2.38,-23.81,12127,
19.5,-1.51,-20.43,12134,
19.6,-12.93,-21.41,12140,
19.25,3.51,-23.79,12146,
19.6,-10.44,-18.99,12153,
19.2,-4.21,-23.72,12160,
19.38,-0.23,-20.93,12166,
19.42,-12.93,-20.59,12172,
19.09,3.16,-23.56,12179,
19.26,-9.38,-19.35,12185,
19.28,-5.66,-23.9,12191,
19.28,1.01,-21.62,12198,
19.53,-12.96,-20.36,12205,
19.42,2,-24.19,12211,
19.31,3.03,-19.5,12218,
19.72,-7.92,-23.24,12224,
19.51,-7.31,-22.98,12230,
19.07,2.37,-21.89,12237,
19.75,-13.2,-19.72,12243,
19.41,1.9,-23.9,12250,
19.63,-6.05,-19.31,12257,
19.77,-8.68,-22.48,12263,
18.99,3.51,-22.36,12269,
19.61,-13.31,-19.77,12275,
19.5,0.47,-24.95,12282,
19.6,-4.68,-20.23,12289,
19.69,-10.48,-21.84,12295,
19.23,4.03,-22.49,12302,
19.73,-12.76,-18.8,12308,
19.35,-0.96,-24.17,12314,
19.41,-3.38,-20.01,12321,
19.64,-11.46,-22.22,12327,
19.09,3.46,-23.02,12334,
19.45,-12.09,-19.41,12341,
19.5,-3.11,-24.23,12347,
19.58,-2.09,-20.27,12353,
19.15,-13.05,-20.91,12360,
19.22,3.38,-23.55,12366,
19.25,-10.86,-19.57,12372,
19.29,-4.3,-23.79,12380,
19.19,0.29,-20.77,12386,
19.75,-12.76,-21.32,12392,
19.31,3.13,-24.26,12399,
19.54,-9.41,-19.37,12405,
19.64,-5.33,-24,12411,
19.39,1.32,-21.47,12418,
19.91,-13.26,-20.91,12425,
19.1,2.65,-23.87,12431,
19.19,-8.13,-19.26,12437,
19.28,-7.48,-23.27,12444,
18.75,2.19,-21.86,12450,
19.31,-13.24,-19.61,12456,
19.47,1.61,-24.29,12464,
19.29,-6.52,-19.37,12470,
19.7,-9.13,-22.89,12476,
19.19,3.07,-21.89,12483,
19.41,-13.86,-19.83,12489,
19.09,0.41,-24.04,12495,
19.12,-4.98,-19.77,12503,
19.06,-10.55,-22.26,12509,
19.03,3.1,-22.7,12515,
18.99,-13.39,-19.23,12522,
18.78,-1.58,-24.25,12528,
19.16,-3.73,-20.43,12534,
19.18,-11.63,-21.75,12541,
19.53,3.29,-23.09,12548,
19.42,-12.36,-19.85,12554,
19.6,-3.19,-24.17,12561,
19.06,-2.22,-21.09,12567,
19.15,-12.83,-21.29,12573,
19.1,3.45,-24.12,12580,
19.1,-11.4,-19.04,12587,
19.54,-4.38,-23.98,12593,
19.41,-0.47,-21.15,12599,
19.72,-13.05,-20.9,12605,
19.45,2.92,-23.93,12612,
19.44,-10.2,-18.96,12618,
19.44,-5.73,-23.11,12624,
19.47,1.33,-21.56,12632,
19.53,-13.64,-20.3,12638,
19.13,-13.37,-24.1,12644,
19.07,2.73,-20.36,12651,
19.38,-8.36,-18.85,12657,
19.29,-7.23,-23.22,12663,
18.96,1.9,-21.97,12670,
19.22,-13.81,-20.01,12677,
19.19,1.45,-24.57,12683,
19.13,-7.23,-19.75,12689,
19.42,-9.11,-23.38,12696,
19.34,3.08,-22.36,12702,
19.47,-13.42,-19.69,12708,
19.54,0.44,-24.31,12716,
19.31,-5.35,-19.92,12722,
19.31,-10.44,-22.16,12728,
19.12,2.95,-22.76,12735,
19.54,-13.14,-19.77,12741,
18.74,-1.68,-24.29,12747,
18.81,-3.95,-20.37,12754,
18.8,-11.98,-22.13,12761,
18.94,3.6,-23.31,12767,
19.19,-12.13,-19.53,12774,
18.99,-3.23,-24.36,12780,
19.29,-2.53,-21.32,12786,
18.77,-12.7,-21.59,12792,
18.69,3.61,-23.75,12800,
18.94,-10.92,-19.06,12806,
18.77,-4.15,-23.94,12812,
18.56,-0.61,-20.81,12819,
19.06,-13.36,-21.66,12825,
18.87,3.67,-23.59,12831,
19.25,-10.03,-19.07,12838,
18.94,-5.35,-23.34,12845,
19.09,0.42,-20.56,12851,
18.97,-13.29,-19.99,12858,
19.06,2.85,-24.14,12864,
18.97,-8.61,-18.71,12870,
19.34,-7.56,-22.93,12877,
19.01,2,-21.47,12883,
18.97,-13.64,-19.67,12890,
19,1.58,-23.68,12896,
19.09,-7.03,-19.32,12903,
18.75,-8.62,-23.24,12909,
19.39,3.05,-22.61,12915,
19.01,-13.26,-19.72,12922,
18.55,0.7,-23.97,12929,
18.71,-5.57,-19.35,12935,
18.74,-10.39,-22.71,12942,
18.43,3.49,-22.03,12948,
18.87,-13.08,-19.53,12954,
19.13,-0.91,-24.32,12961,
19.01,-3.58,-19.48,12967,
18.91,-10.98,-21.5,12974,
19.22,3.61,-22.9,12981,
19.19,-12.35,-19.16,12987,
18.91,-2.03,-23.66,12993,
18.97,-2.48,-20.15,12999,
19.47,-12.34,-21.03,13006,
19.22,3.6,-23.37,13012,
19.48,-11.43,-18.96,13019,
19.12,-3.7,-23.3,13026,
18.91,-0.67,-20.11,13032,
19.18,-13.02,-20.53,13038,
19.18,3.08,-23.46,13045,
18.84,-9.92,-19.28,13051,
18.97,-6.18,-23.3,13058,
19.25,-5.13,-21.48,13065,
19.22,0.8,-21.48,13071,
19.32,-13.3,-21,13077,
19.16,2.7,-24.1,13084,
19.41,-8.86,-19.48,13090,
19.37,-6.65,-23.25,13096,
19.01,1.71,-21.51,13103,
19.13,-14.09,-19.95,13110,
19.23,1.93,-23.75,13116,
19.56,-7.57,-19.63,13122,
19.38,-8.26,-22.89,13129,
19.51,2.38,-22.42,13135,
19.47,-13.81,-19.83,13142,
19.38,0.63,-23.82,13149,
19.23,-6.24,-19.19,13155,
19.51,-10.2,-22,13161,
19.54,2.91,-22.11,13168,
19.15,-13.33,-18.94,13174,
19.1,-1.05,-23.93,13180,
18.72,-4.63,-19.56,13188,
19.1,-11.3,-21.76,13194,
19.22,3.35,-22.93,13200,
18.97,-12.88,-19.31,13207,
19.26,-2.37,-23.82,13213,
18.58,-2.82,-19.75,13219,
19.18,-12.7,-21.84,13227,
19.13,3.46,-23.68,13233,
19.37,-11.97,-19.66,13239,
19.1,-3.57,-24.09,13246,
19.19,-1.2,-20.77,13252,
19.07,-13.1,-21.53,13258,
19.45,3.36,-24.01,13265,
19.26,-10.19,-19.41,13272,
19.16,-5.26,-24.19,13278,
19.16,0.28,-20.89,13285,
19.2,-13.61,-20.58,13291,
19.06,3.04,-23.91,13297,
19.44,-9.5,-19.16,13304,
19.58,-6.65,-23.27,13310,
19.22,1.21,-21.51,13317,
19.25,-13.49,-20.36,13323,
19.07,2.05,-24,13329,
19.16,-7.54,-19.23,13336,
19.34,-7.82,-23,13342,
19.13,2.59,-22.11,13348,
19.42,-13.53,-19.6,13356,
19.35,1.02,-24.39,13362,
18.99,-5.79,-19.15,13368,
19.48,-9.54,-22.9,13375,
19.1,2.97,-22.58,13381,
19.19,-12.92,-19.66,13387,
18.99,-0.18,-24.22,13394,
18.99,-4.27,-20.53,13401,
19.22,-10.64,-21.84,13407,
19.07,3.42,-22.89,13414,
19.19,-12.83,-19.26,13420,
18.71,-1.67,-23.76,13426,
18.87,-3.14,-19.96,13433,
19.12,-12.16,-22.1,13440,
19.41,3.14,-23.21,13446,
19.44,-11.88,-18.5,13452,
19.67,-3.39,-23.68,13459,
19.35,-1.2,-19.91,13465,
19.35,-12.38,-20.99,13471,
19.18,3.93,-22.89,13478,
19.26,-11.03,-18.9,13485,
19.23,-9.98,-23.25,13491,
19.22,-4.19,-19.51,13498,
19.6,0.45,-20.81,13504,
19.44,-13.21,-20.65,13510,
18.9,3.24,-24.26,13516,
19.32,-8.94,-19.31,13523,
19.23,-5.8,-23.57,13530,
19.12,2.24,-21.48,13536,
19.1,-13.36,-19.95,13543,
19.35,2.13,-24.14,13549,
19.29,-7.51,-19.76,13555,
19.12,-7.78,-22.96,13562,
19.26,2.46,-22.16,13569,
19.47,-13.4,-20.61,13575,
18.69,0.99,-24.95,13582,
19.37,-5.9,-20.15,13588,
19.35,-9.28,-23.78,13594,
18.94,3.2,-23.28,13601,
19.39,-12.96,-19.67,13607,
19.26,-0.03,-24.58,13614,
19.12,-4.6,-19.94,13620,
19.39,-10.93,-22.43,13627,
19,3.49,-23.18,13633,
18.96,-12.92,-20.07,13639,
18.87,-2.08,-24.74,13646,
18.9,-3.39,-20.08,13652,
19.12,-12.07,-22.03,13659,
18.97,3.54,-23.69,13666,
19.23,-11.81,-19.96,13672,
19.13,-3.24,-24.8,13678,
18.8,-1.49,-21.28,13685,
18.66,-13.17,-21.44,13691,
18.72,3.33,-24.6,13698,
19.56,-10.83,-19.57,13705,
19.29,-4.72,-24.19,13711,
18.82,-0.04,-21.81,13717,
18.93,-12.93,-21.32,13724,
18.84,3.27,-24.51,13730,
19,-9.11,-19.91,13736,
19.06,-5.99,-24.16,13743,
19.07,1.59,-21.78,13750,
19.47,-13.56,-21.38,13756,
18.94,2.18,-24.64,13762,
19,-8.37,-19.64,13769,
19.13,-8.39,-23.75,13775,
19.31,2.16,-23.03,13782,
19.34,-13.67,-20.39,13789,
19.47,0.72,-24.96,13795,
19.42,-6.61,-19.89,13801,
19.19,-9.6,-23.57,13808,
18.94,2.97,-23.09,13814,
19.23,-13.48,-20.3,13820,
18.88,-0.26,-24.31,13827,
18.65,-4.98,-20.4,13834,
19.06,-11.33,-22.76,13840,
19.09,2.76,-23.82,13846,
19.1,-13.26,-19.88,13853,
19.12,-2.37,-24.95,13859,
18.99,-3.29,-20.52,13865,
18.94,-11.9,-21.85,13873,
19.22,3.14,-23.4,13879,
18.97,-11.71,-19.13,13885,
19.16,-3.04,-24.36,13892,
15.42,-2.24,-20.94,13898,
18.55,-12.8,-21.35,13904,
18.8,-12.8,-23.59,13912,
19.37,2.89,-19.85,13918,
19.54,-11.03,-19.83,13924,
19.26,-4.98,-24.33,13930,
18.85,-0.45,-21.5,13937,
18.9,-13.18,-21.46,13943,
18.71,3.08,-24.8,13949,
19.06,-9.54,-19.83,13957,
18.63,-6.15,-23.98,13963,
18.75,1.21,-21.97,13969,
19.03,-13.36,-21.08,13976,
18.97,2.69,-24.6,13982,
18.72,-8.65,-19.64,13988,
18.59,-7.59,-23.38,13996,
19.12,2.15,-22.52,14002,
19.09,-13.8,-20.29,14008,
19.45,1.23,-24.58,14015,
19.15,-6.14,-19.56,14021,
19.41,-8.4,-23.06,14027,
19.07,2.94,-22.36,14033,
19.69,-13.12,-20.08,14041,
18.96,0.57,-24.35,14047,
18.99,-4.9,-19.94,14053,
19.42,-10.35,-22.68,14060,
18.58,3.52,-22.81,14066,
18.59,-13.11,-19.57,14072,
18.74,-0.86,-23.74,14080,
18.55,-3.22,-19.72,14086,
18.63,-11.53,-21.62,14092,
18.94,3.17,-23.02,14099,
18.96,-12.42,-19.83,14105,
19.12,-2.86,-24.55,14111,
18.84,-1.86,-20.94,14118,
18.77,-13.05,-21.75,14125,
18.53,3.07,-23.78,14131,
19.25,-10.96,-19.39,14138,
18.81,-4.15,-23.4,14144,
18.5,-0.6,-21.48,14150,
19.03,-13.29,-21.24,14157,
18.82,3.22,-24.74,14163,
18.87,-9.82,-19.72,14170,
18.63,-5.38,-23.75,14177,
18.5,1.34,-21.78,14183,
18.77,-13.1,-20.42,14189,
19.1,2.6,-23.84,14196,
19.26,-8.3,-19.18,14202,
18.91,-7.48,-22.96,14209,
18.97,1.87,-21.84,14216,
19.22,-13.67,-20.13,14222,
19.2,1.3,-24.8,14228,
19.31,-6.75,-19.58,14235,
19.04,-8.86,-22.89,14241,
19.39,2.84,-22.93,14247,
19.38,-13.55,-20.26,14254,
19.38,0.45,-24.74,14260,
19.25,-5.23,-20.72,14267,
19.23,-10.06,-22.27,14273,
19.12,3.27,-23.15,14279,
19.47,-13.07,-19.57,14286,
19.26,-1.07,-24.52,14292,
19.2,-3.39,-20.05,14299,
19.56,-12.16,-22.84,14306,
18.88,3.07,-23.66,14312,
18.88,-12.5,-19.7,14318,
18.78,-3.01,-24.45,14325,
19.2,-3.01,-20.83,14331,
19.1,-2.29,-22.14,14338,
19.13,-13.14,-25.88,14344,
19.16,3.05,-23.59,14351,
19.34,-11.24,-18.94,14357,
19.69,-4.33,-23.34,14363,
19.45,-0.99,-20.7,14370,
19.28,-12.95,-21.18,14376,
19.07,3.04,-23.97,14383,
19.31,-10.22,-19.35,14390,
19.42,-5.76,-23.31,14396,
18.66,0.99,-21.21,14402,
18.99,-13.31,-20.84,14409,
18.99,2.51,-23.94,14415,
19.09,-8.26,-19.37,14422,
19.18,-7.16,-23.06,14429,
18.85,2.51,-21.88,14435,
19.35,-13.48,-19.7,14441,
19.13,1.93,-24.69,14447,
19.19,-6.88,-19.66,14454,
19.39,-8.27,-22.99,14460,
19.06,3.17,-22.61,14467,
19.16,-13.29,-20.08,14474,
19.01,0.41,-24.28,14480,
18.87,-4.98,-19.58,14486,
19.19,-9.81,-22.41,14493,
19.26,3.48,-22.76,14499,
19.37,-13.14,-19.57,14505,
19.35,-1.15,-23.55,14513,
19.13,-3.35,-19.76,14519,
19,-11.52,-22.07,14525,
18.46,3.77,-23.34,14532,
19.22,-12.2,-19.23,14538,
19.07,-2.16,-23.95,14544,
19.03,-2.21,-20.01,14551,
19.28,-12.45,-21.4,14558,
18.99,3.33,-23.3,14564,
18.99,-11.21,-18.82,14570,
19.16,-4.37,-23.28,14577,
19,-0.85,-21.4,14583,
19.15,-13.56,-21.43,14589,
18.85,3.08,-23.97,14597,
19,-9.81,-18.93,14603,
18.91,-5.58,-23.63,14609,
18.66,0.73,-21.18,14616,
18.66,-13.34,-20.56,14622,
19.01,2.53,-23.91,14628,
18.87,-8.37,-19.29,14636,
18.74,-6.97,-23.31,14642,
19.26,2.16,-21.88,14648,
19.04,-13.49,-19.98,14654,
19.09,1.75,-24.36,14661,
19.38,-6.55,-19.69,14667,
19.01,-8.65,-22.95,14673,
19.41,2.81,-22.8,14681,
19.26,-13.26,-19.56,14687,
19.44,0.5,-23.72,14693,
19.01,-5.1,-19.38,14700,
19.04,-10,-22.55,14706,
19.13,3.54,-22.03,14712,
19.22,-12.96,-19.47,14720,
19.19,-0.45,-24.04,14726,
19.2,-3.73,-19.69,14732,
19.6,-11.66,-21.5,14739,
19.6,3.7,-23.22,14745,
18.91,-12.28,-18.72,14751,
19.45,-1.05,-23.33,14757,
19.22,-2.44,-19.96,14765,
18.77,-2.21,-19.96,14771,
19.23,-12.48,-20.9,14777,
18.93,3.81,-23.33,14784,
19.03,-11.02,-18.82,14790,
19.25,-3.87,-23.25,14796,
18.78,-0.57,-20.53,14803,
18.97,-12.85,-21.41,14810,
18.68,3.7,-23.34,14816,
18.9,-9.5,-19.01,14823,
18.78,-5.36,-23.17,14829,
18.65,0.69,-21.19,14835,
19.06,-13.26,-20.23,14842,
18.74,2.94,-24.01,14849,
18.75,-8.1,-18.99,14855,
18.87,-7.09,-23.21,14862,
18.88,1.91,-21.89,14868,
19.28,-13.67,-20.18,14874,
18.58,1.77,-24.41,14880,
18.59,-7.02,-18.74,14887,
18.77,-8.7,-22.68,14894,
18.91,3.08,-21.82,14900,
19.31,-13.21,-19.25,14907,
18.94,0.69,-24.22,14913,
19.18,-5.1,-19.48,14919,
19.16,-9.87,-22.49,14926,
18.87,3.35,-22.45,14932,
19.1,-13.12,-19.44,14939,
18.99,-0.88,-24.42,14946,
18.84,-3.73,-20.23,14952,
18.81,-11.58,-22.77,14958,
18.81,3.38,-23.76,14965,
19.29,-12.38,-20.34,14971,
19.31,-2.21,-24.19,14978,
18.88,-2.46,-20.52,14985,
19.37,-12.38,-21.63,14991,
19.07,3.49,-23.63,14997,
19.19,-11.18,-18.96,15004,
19.48,-3.81,-23.55,15010,
19.39,-0.82,-21.32,15016,
19.25,-12.92,-21.34,15024,
19.2,3.64,-24.07,15030,
18.85,-9.7,-19.51,15036,
18.91,-5.1,-23.59,15043,
18.97,0.54,-21,15049,
19.15,-13.64,-20.34,15055,
18.96,2.97,-24.06,15063,
18.75,-8.78,-19.61,15069,
19.15,-6.58,-23.37,15075,
19.35,2,-21.73,15081,
19.2,-13.65,-20.81,15087,
19.31,2.5,-24.42,15094,
19.58,-6.81,-20.45,15100,
19.31,-7.72,-23.03,15107,
19.51,3.05,-22.49,15114,
19.69,-13.2,-20.37,15120,
19.31,1.11,-25.01,15126,
19.31,-5.44,-20.7,15133,
19.18,-9.54,-23.53,15139,
19.26,3.38,-23.63,15145,
19.25,-12.8,-19.61,15153,
18.84,-0.66,-24.5,15159,
18.99,-3.6,-20.24,15165,
18.99,-10.86,-22.32,15171,
19.32,3.16,-23.08,15178,
19.38,-11.81,-19.8,15184,
19,-12.39,-24.01,15191,
19.09,-1.87,-20.27,15198,
19.23,-2.69,-20.62,15204,
18.71,-12.38,-21.35,15210,
19.2,3.7,-23.22,15217,
19.09,-11.55,-19.67,15223,
19.03,-3.7,-24.01,15229,
18.88,-1.37,-21.32,15237,
19.03,-13.23,-21.5,15243,
18.72,3,-24.23,15249,
19.29,-10.27,-20.23,15256,
19.07,-4.97,-24.79,15262,
18.91,1.02,-21.98,15268,
19.58,-12.8,-21.19,15275,
19.1,3.08,-24.16,15282,
19.13,-8.77,-20.04,15288,
19.2,-6.42,-23.93,15294,
19.06,2.4,-21.65,15301,
19.04,-12.72,-20.83,15307,
19.37,2.48,-24.38,15313,
19.03,-7.18,-19.88,15321,
19.12,-8.35,-23.31,15327,
19.03,2.84,-22.49,15333,
18.84,-13.49,-20.59,15340,
19,0.95,-24.66,15346,
18.97,-5.29,-20.84,15352,
18.78,-9.43,-23.06,15360,
19.04,3.42,-22.79,15366,
19.07,-12.76,-20.2,15372,
18.63,0.28,-25.01,15378,
18.99,-3.98,-20.4,15385,
19.22,-10.61,-23.06,15391,
19.06,3.77,-23.47,15397,
19.26,-12.04,-19.56,15405,
19.41,-1.26,-24.66,15411,
19.44,-2.44,-20.45,15417,
19.48,-11.88,-21.85,15424,
19.31,4,-23.81,15430,
19.18,-11.01,-20.1,15436,
19.16,-2.89,-24.39,15443,
19.47,-1.21,-20.75,15450,
19.83,-13.01,-21.56,15456,
19.67,3.45,-23.98,15463,
19.23,-10.38,-18.96,15469,
19.56,-4.94,-24,15475,
19.41,0.6,-21.72,15481,
19.13,-12.7,-20.89,15489,
19.2,3.26,-24.45,15495,
19.03,-8.52,-19.57,15501,
18.9,-6.12,-24.26,15508,
18.99,1.96,-22.14,15514,
18.69,-13.02,-20.83,15520,
18.96,3,-25.02,15527,
18.74,-6.88,-19.95,15534,
18.84,-7.21,-23.05,15540,
19,2.79,-22.83,15547,
18.99,-13.07,-20.46,15553,
19.25,1.15,-24.52,15559,
19.54,-6.18,-19.73,15566,
19.45,-9.65,-23.21,15572,
19.01,3.99,-22.9,15579,
19.37,-12.92,-19.98,15585,
19.34,-0.39,-24.61,15592,
19.34,-4.08,-20.18,15598,
19.44,-10.52,-22.46,15604,
19.53,0.7,-23.34,15611,
19.1,3.61,-19.37,15618,
18.74,-12.12,-23.11,15624,
19.03,-1.29,-24.31,15631,
18.74,-2.46,-20.49,15637,
19.04,-12.07,-22,15643,
19.1,3.71,-23.28,15650,
18.93,-11.46,-19.73,15656,
18.97,-3.36,-23.84,15663,
19.03,-1.51,-20.39,15670,
19.13,-12.74,-20.91,15676,
18.65,3.27,-24.25,15683,
19.07,-10.55,-19.6,15689,
19.09,-4.36,-23.72,15695,
19.22,0.18,-20.83,15702,
19,-13.17,-20.86,15708,
18.81,2.97,-24.19,15715,
19.09,-8.83,-19.73,15721,
19.06,-6.21,-23.91,15727,
18.78,1.58,-22.26,15734,
19.1,-13.55,-21.09,15740,
19.06,1.97,-24.88,15747,
19.07,-7.72,-19.69,15754,
18.94,-7.54,-23.59,15760,
19.01,2.31,-22.96,15766,
18.85,-13.36,-21.03,15773,
19.09,1.34,-25.42,15779,
19.13,-5.82,-20.17,15785,
18.74,-8.99,-22.87,15793,
19.19,3.19,-23.03,15799,
19.03,-12.96,-20.51,15805,
18.88,0.1,-25.2,15811,
18.99,-4.55,-21.18,15818,
19.03,-10.63,-23.41,15824,
18.84,3.27,-23.81,15831,
19.35,-12.41,-19.91,15838,
18.9,-1.32,-24.58,15844,
19.5,-3.32,-20.55,15850,
19.42,-11.59,-22.99,15857,
19.23,3.64,-23.76,15863,
19.34,-11.69,-20.08,15869,
19.29,-2.75,-25.14,15877,
19.38,-0.92,-21.91,15883,
19.06,-12.41,-22.26,15889,
19.2,4.02,-24.03,15896,
19.19,-10.36,-20.21,15902,
19.19,-4.56,-24.61,15908,
18.77,-0.09,-21.63,15916,
19.04,-12.51,-21.84,15922,
18.68,3.16,-24.61,15928,
19.03,-8.96,-20.42,15935,
18.94,-5.86,-24.79,15941,
18.71,1.52,-22.61,15947,
18.94,-12.8,-21.09,15953,
19.01,2.65,-25.24,15961,
18.74,-6.97,-19.77,15967,
18.99,-6.93,-23.46,15973,
18.72,2.72,-22.48,15980,
19.18,-12.72,-20.52,15986,
18.93,1.71,-24.13,15992,
19.18,-6.36,-19.44,15998,
19.04,-9,-22.87,16006,
18.68,3.42,-22.74,16012,
22.42,-13.26,-20.3,16018,
19.09,0.16,-24.03,16025,
19.09,-7.32,-19.66,16031,
18.99,-5.03,-22.65,16037,
18.96,-10.45,-22.65,16045,
18.58,3.26,-23.05,16051,
18.87,-12.91,-19.53,16057,
18.53,-1.18,-24.51,16064,
18.85,-3.27,-20.17,16070,
19.12,-11.56,-22.35,16076,
19.31,3.79,-24.04,16083,
19.18,-11.82,-19.88,16090,
18.91,-2.66,-24.47,16096,
19.01,-1.8,-21.4,16102,
19.34,-12.66,-21.75,16109,
19.12,4.05,-24.2,16115,
19.18,-10.96,-19.64,16121,
19.09,-4.34,-24.71,16129,
18.68,-0.41,-21.12,16135,
19.16,-12.93,-21.43,16141,
18.88,3.68,-23.97,16148,
19.04,-9.51,-19.7,16154,
19.07,-5.42,-24.41,16160,
18.78,0.77,-21.54,16167,
19.01,-13.31,-19.98,16174,
19.12,2.81,-24.07,16180,
18.78,-7.89,-19.26,16187,
19.06,-7.13,-22.87,16193,
18.46,2.09,-21.85,16199,
18.68,-13.53,-20.46,16205,
19.12,1.64,-24.71,16212,
19.29,-6.53,-20.39,16219,
19.07,-8.24,-23.37,16225,
19.09,2.6,-22.39,16232,
19.35,-13.58,-20.67,16238,
19.04,0.54,-24.42,16244,
18.93,-5.17,-19.51,16251,
19.03,-9.75,-22.29,16258,
18.74,3.54,-22.77,16264,
19.06,-12.95,-19.64,16271,
18.53,-1.42,-23.41,16277,
18.63,-3.77,-19.91,16283,
18.88,-11.36,-22.08,16290,
18.91,3.65,-23.24,16296,
18.91,-12.15,-18.88,16303,
18.75,-2.02,-24.45,16309,
19.06,-1.99,-20.49,16316,
18.84,-12.41,-21.91,16322,
18.82,3.46,-23.41,16328,
19.39,-10.86,-19.64,16335,
19.31,-3.58,-23.9,16342,
19.18,-0.5,-20.78,16348,
19.04,-13.15,-21.22,16355,
19.26,3.46,-23.75,16361,
19.03,-9.81,-19.58,16367,
19.39,-5.26,-24.13,16374,
19.41,1.24,-21.6,16380,
19.19,-12.99,-20.32,16387,
18.87,3.6,-23.57,16394,
19.01,-8.14,-19.37,16400,
19.22,-6.49,-23.41,16406,
19.48,2.59,-21.75,16412,
19.18,-12.86,-20.34,16419,
18.82,2.94,-24.09,16425,
18.9,-6.39,-19.16,16432,
18.9,-7.5,-22.83,16439,
19.22,3.74,-22.36,16445,
18.44,-14.97,-20.45,16451,
18.71,-12.39,-24.17,16458,
19.04,1.58,-20.43,16464,
18.9,-5.12,-20.05,16471,
18.88,-8.99,-22.96,16478,
18.88,3.81,-22.67,16484,
18.52,-12.45,-19.94,16490,
18.9,-0.04,-24.54,16497,
18.52,-3.79,-20.33,16503,
18.91,-10.68,-22.6,16509,
18.84,4.4,-23.55,16517,
18.91,-12.15,-19.88,16523,
18.65,-1.43,-24,16529,
18.33,-2.13,-20.42,16536,
18.55,-11.68,-22.03,16542,
18.58,3.13,-23.6,16548,
18.65,-11.47,-19.8,16556,
18.62,-3.67,-24.85,16562,
18.47,-1.29,-21.24,16568,
18.99,-13.26,-21.46,16575,
18.71,3.8,-24.23,16581,
18.81,-10.3,-19.32,16587,
19.12,-4.75,-23.82,16594,
18.74,0.29,-20.68,16601,
19.41,-13.02,-20.48,16607,
19.09,3.42,-23.79,16614,
18.65,-8.54,-18.66,16620,
19.28,-6.27,-22.76,16626,
18.78,1.77,-21.22,16632,
19.1,-13.2,-20.3,16638,
19.31,2.75,-23.97,16646,
19.12,-7.22,-18.85,16652,
19.2,-7.73,-23.17,16658,
18.94,2.43,-22.11,16665,
19.23,-13.65,-20.51,16671,
18.97,1.14,-23.87,16677,
19.13,-5.71,-19.58,16685,
18.84,-8.74,-22.92,16691,
18.9,3.46,-22.73,16697,
19.42,-13.08,-19.6,16704,
19.19,0.1,-24.6,16710,
18.75,-4.22,-19.45,16716,
19.41,-10.89,-21.65,16723,
19,3.68,-22.27,16730,
19.37,-12.25,-19.29,16736,
19.03,-1.51,-24.12,16743,
19.25,-3.03,-20.04,16749,
19.1,-11.87,-21.79,16755,
18.77,3.73,-23.56,16761,
18.74,-11.63,-18.9,16769,
18.72,-3.14,-23.41,16775,
18.69,-1.15,-20.64,16781,
18.75,-12.61,-21.05,16788,
18.47,3.77,-23.27,16794,
18.93,-10.57,-19.19,16800,
18.68,-4.91,-23.87,16807,
19.01,-0.06,-21.06,16814,
19,-13.08,-20.9,16820,
18.97,3.35,-24.25,16826,
19.1,-9.03,-19.29,16833,
19.26,-6.26,-23.78,16839,
19.31,1.33,-21.46,16845,
19.31,-13.42,-19.88,16852,
19.31,2.35,-23.49,16859,
19.37,-8.87,-19.76,16865,
19.31,-7.85,-23.09,16872,
19.13,-7.47,-23.09,16878,
19.13,2.38,-22.58,16884,
19.37,-13.15,-20.46,16891,
19.12,1.86,-24.76,16898,
19.26,-5.85,-19.19,16904,
19.2,-8.64,-23.17,16911,
19.23,3.29,-22.98,16917,
19.25,-13.2,-19.41,16923,
18.9,0.57,-24.51,16929,
19.34,-4.84,-19.67,16936,
19.12,-10.11,-22.39,16943,
19.13,3.6,-22.77,16949,
19.37,-12.74,-19.35,16956,
18.84,-0.95,-24.35,16962,
19.16,-2.86,-19.42,16968,
19.61,-11.09,-21.95,16975,
19.07,3.95,-22.86,16982,
19.1,-12.26,-18.99,16988,
19.1,-2.67,-23.17,16995,
18.81,-1.72,-19.7,17001,
19.09,-12.54,-20.97,17007,
18.74,3.41,-23.31,17014,
19.01,-10.82,-18.49,17020,
19.01,-4.44,-22.99,17027,
19.04,-0.25,-20.49,17033,
19.15,-13.12,-20.34,17040,
19.25,3.29,-23.37,17046,
19.18,-9.43,-18.81,17052,
19.18,-5.98,-22.84,17059,
19.04,1.2,-21.03,17065,
19.35,-13.08,-19.56,17072,
19.58,2.76,-23.31,17079,
19.15,-7.97,-18.71,17085,
19.25,-7.54,-23.02,17091,
19.18,2.31,-20.83,17098,
19,-13.67,-18.81,17104,
18.96,1.64,-23.5,17111,
18.91,-6.68,-18.71,17118,
19,-8.97,-22.16,17124,
18.56,3.2,-21.78,17130,
19.04,-13.2,-19.58,17136,
18.72,0.47,-23.66,17143,
18.74,-5.16,-18.96,17149,
18.75,-10.61,-21.67,17156,
18.84,3.32,-22.07,17163,
18.9,-12.72,-19.22,17169,
19.04,-0.76,-24.14,17175,
19,-2.97,-19.28,17182,
19.26,-11.12,-21.38,17188,
19.01,3.48,-22.93,17195,
19.09,-11.85,-18.88,17202,
18.87,-2.56,-23.82,17208,
18.46,-2,-20.2,17214,
18.84,-12.25,-21.03,17221,
18.56,3.76,-23.18,17227,
19.38,-10.67,-18.88,17233,
19,-3.64,-23.38,17240,
18.85,0.06,-20.58,17247,
19.13,-12.63,-20.45,17253,
19.23,3.39,-23.66,17259,
19.15,-9.82,-19.39,17266,
15.4,-5.44,-23.81,17272,
18.68,1.29,-20.7,17278,
19,-13.68,-20.53,17286,
19.16,-13.11,-23.53,17292,
18.77,3.22,-16.05,17298,
19,-8.14,-18.71,17305,
18.93,-6.84,-22.48,17311,
18.8,1.96,-21,17317,
19.26,-13.12,-19.54,17325,
18.59,2.47,-23.71,17331,
18.9,-6.3,-18.77,17337,
19.28,-8.3,-22.54,17343,
18.99,3.24,-21.46,17350,
18.91,-12.85,-19.7,17357,
19.07,0.61,-24.22,17363,
19.15,-4.79,-19.6,17370,
18.93,-9.87,-21.84,17377,
18.97,3.38,-22.49,17383,
19.23,-12.88,-19.42,17389,
18.91,-0.99,-24.07,17396,
19.03,-3.54,-20.33,17402,
19.16,-11.6,-21.91,17409,
18.66,3.7,-22.84,17415,
18.97,-12.32,-19.04,17422,
18.87,-2.63,-23.97,17428,
18.47,-2.09,-20.36,17434,
18.72,-12.51,-21.69,17441,
18.46,3.17,-23.36,17447,
18.75,-11.52,-19.56,17454,
18.34,-3.95,-23.44,17460,
18.39,-0.86,-20.53,17466,
18.77,-13.17,-20.53,17473,
19.03,3.36,-23.66,17479,
19.34,-10.04,-19.03,17485,
19.23,-5.39,-23.36,17492,
18.82,0.39,-21.24,17499,
19.28,-13.2,-20.2,17505,
18.8,2.88,-24.01,17512,
18.66,-8.65,-18.69,17518,
18.65,-6.59,-22.76,17524,
18.71,1.96,-21.46,17531,
18.62,-13.56,-20.08,17538,
18.39,2.1,-24.03,17544,
18.55,-6.81,-19.13,17551,
18.75,-7.95,-22.01,17557,
18.58,3,-21.97,17563,
18.53,-13.2,-19.51,17569,
18.34,0.64,-23.81,17576,
18.4,-5.51,-19.48,17583,
18.65,-9.56,-22.65,17589,
18.23,3.67,-22.64,17596,
18.44,-12.93,-19.6,17602,
18.4,-0.67,-23.74,17608,
18.63,-3.79,-19.5,17615,
18.49,-10.8,-21.59,17622,
18.81,3.48,-22.42,17628,
18.85,-12.38,-19.09,17635,
19,-2.32,-23.74,17641,
18.78,-2.81,-20.36,17647,
18.77,-11.93,-21.53,17653,
18.52,3.54,-23.21,17660,
18.71,-11.39,-19.58,17667,
18.77,-3.73,-23.65,17673,
18.62,-0.91,-20.75,17680,
18.75,-13.04,-21.37,17686,
18.75,3.54,-23.63,17692,
19.06,-10.14,-18.97,17699,
18.84,-6.4,-23.27,17705,
19.01,-4.98,-21.06,17712,
18.93,1.07,-21.06,17719,
18.82,-12.73,-20.15,17725,
18.82,3.01,-23.37,17731,
18.69,-8.81,-19.01,17738,
18.69,-6.56,-22.6,17744,
18.69,1.67,-21.02,17751,
18.58,-13.31,-19.91,17757,
19.01,1.81,-23.68,17764,
19.12,-7.41,-18.96,17770,
19.06,-7.98,-22.62,17776,
19.01,2.5,-21.88,17783,
19.22,-13.61,-20.48,17789,
18.66,0.89,-24.74,17796,
19.03,-5.45,-19.56,17803,
18.93,-9.13,-22.43,17809,
18.58,3.16,-22.17,17815,
18.8,-13.33,-18.97,17822,
18.55,-0.75,-24,17828,
18.68,-4.12,-19.73,17835,
18.63,-10.86,-22.11,17842,
18.53,3.52,-22.6,17848,
18.62,-12.47,-19.06,17854,
18.85,-1.55,-23.95,17860,
18.9,-2.29,-20.05,17867,
18.55,-11.88,-21.47,17873,
18.81,3.29,-23.22,17880,
18.43,-12.03,-19.73,17887,
18.9,-3.24,-24.16,17893,
18.58,-1.84,-20.78,17899,
18.93,-12.61,-21.16,17906,
18.2,3.86,-24.12,17912,
18.71,-10.39,-18.78,17918,
18.28,-4.71,-23.81,17926,
18.58,0.12,-20.58,17932,
18.81,-12.86,-20.64,17938,
18.85,3.54,-23.4,17945,
18.88,-9.05,-18.81,17951,
18.77,-5.93,-23,17957,
18.84,1.87,-20.65,17964,
19.01,-12.83,-19.38,17971,
19.06,2.35,-23.31,17977,
18.55,-7.8,-19.09,17983,
19.01,-7.31,-22.41,17990,
19.23,2.78,-22.39,17996,
19,-12.88,-19.7,18002,
18.69,1.49,-23.87,18010,
18.87,-6.24,-19.12,18016,
18.81,-8.55,-22.77,18022,
18.93,3.62,-22.13,18029,
18.99,-13.1,-19.6,18035,
18.74,0.6,-23.52,18041,
18.81,-4.3,-18.99,18049,
19.26,-9.75,-20.77,18055,
18.71,3.93,-21.62,18061,
18.65,-12.39,-18.88,18067,
18.56,-1.01,-23.41,18074,
18.39,-2.59,-19.72,18080,
18.55,-11.17,-21.56,18086,
18.58,3.98,-23,18094,
18.69,-11.47,-19.23,18100,
18.8,-2.32,-23.94,18106,
18.8,-1.11,-19.94,18113,
18.72,-12.44,-20.71,18119,
18.81,2.53,-22.61,18125,
18.68,3.71,-18.87,18132,
18.78,-10.01,-19.28,18139,
18.85,-3.61,-22.93,18145,
18.69,0.06,-20.49,18152,
18.9,-12.47,-21.15,18158,
18.74,3.77,-23.41,18164,
18.43,-9.11,-19.22,18170,
18.8,-4.87,-23.28,18178,
18.37,1.67,-21.63,18184,
19.06,-12.91,-20.02,18191,
18.66,3.22,-23.84,18197,
18.96,-7.6,-19.04,18203,
18.81,-7.15,-22.8,18210,
18.71,2.48,-20.91,18216,
18.78,-13.1,-19.6,18223,
18.47,2.34,-23.98,18230,
18.71,-6.43,-19.22,18236,
18.88,-8.54,-22.26,18242,
18.59,3.36,-21.79,18249,
18.58,-13.18,-19.31,18255,
18.94,0.51,-23.55,18262,
18.8,-5.17,-18.9,18269,
18.42,-9.85,-21.5,18275,
18.47,3.67,-20.8,18281,
18.56,-12.89,-19.09,18287,
18.43,-0.76,-23.41,18293,
18.36,-3.22,-19.13,18300,
18.46,-11.12,-20.68,18307,
18.27,3.77,-22.22,18313,
18.4,-12.1,-18.69,18320,
18.65,-1.81,-24,18326,
18.42,-1.83,-19.95,18332,
18.77,-11.79,-21.4,18339,
18.81,4.09,-22.55,18345,
18.62,-10.95,-18.5,18352,
18.4,-3.61,-23.18,18359,
18.66,0.04,-20.89,18365,
19.03,-12.42,-20.27,18371,
18.36,4.02,-23.4,18378,
18.62,-9.38,-18.62,18384,
18.63,-4.56,-23.09,18391,
18.71,1.62,-20.24,18398,
18.75,-12.69,-19.44,18404,
18.31,3.57,-23.14,18410,
18.9,-7.86,-18.96,18416,
19.12,-6.08,-22.96,18423,
19.12,2.76,-21.25,18429,
19.31,-12.44,-20.55,18436,
19.01,5.73,-24.7,18443,
19.28,-6.99,-18.77,18449,
19.12,-8.77,-23.17,18455,
19.1,5.55,-22.16,18462,
19.22,-15.16,-19.07,18468,
19.39,2.75,-24.38,18475,
19.22,-5.47,-18.88,18481,
19.47,-10.67,-22.58,18488,
19.25,6.05,-22.49,18494,
18.85,-14.91,-18.25,18500,
19.18,1.24,-24.06,18507,
18.82,-3.05,-19.35,18513,
18.52,-12.64,-21.69,18520,
22.26,6.11,-23.25,18527,
18.93,-14.6,-18.14,18533,
19.03,-3.38,-24.67,18539,
19.01,-1.29,-19.72,18546,
18.94,-1.72,-19.72,18552,
19.26,-13.91,-21.05,18558,
18.81,6.21,-23.31,18566,
18.9,-12.72,-18.3,18572,
18.91,-3.03,-24.51,18578,
18.99,0.31,-20.99,18584,
18.85,-15.05,-20.9,18591,
18.99,5.96,-23.88,18597,
19.51,-11.5,-18.42,18604,
19.37,-4.6,-24.33,18611,
18.84,2.43,-21.09,18617,
18.99,-20.39,-18.81,18623,
19,18.87,-28.63,18630,
19.1,-16.31,-14.7,18636,
19.07,-9.85,-27.24,18642,
18.96,14.76,-21.1,18650,
19.56,-30.12,-16.97,18656,
19.47,16.41,-28.4,18662,
18.87,-11.47,-13.87,18669,
19.06,-14.22,-24.47,18675,
19.1,17.92,-21.76,18681,
19.09,-29.76,-15.99,18688,
18.84,13.07,-29,18695,
19.23,-7.18,-15.74,18701,
19.16,-18.17,-24.39,18707,
18.68,19.75,-24.14,18714,
19.29,-29.67,-15.52,18720,
19.09,9.3,-29.38,18726,
19.15,-2.29,-16.05,18734,
19.03,-22.27,-22.76,18740,
18.71,20.45,-25.2,18746,
18.97,-27.67,-14.57,18753,
19.16,4.98,-28.63,18759,
18.99,1.52,-16.15,18765,
18.94,-26.51,-20.42,18772,
18.81,20.42,-26.16,18779,
18.72,-24.86,-13.65,18785,
18.82,-0.04,-27.87,18791,
18.71,5.89,-17.47,18798,
19.25,-28.38,-19.75,18804,
18.53,19.96,-26.7,18810,
18.63,-21.5,-13.26,18818,
18.63,-4.34,-27.32,18824,
18.65,10.52,-19.35,18830,
18.69,-29.77,-18.53,18837,
18.69,19.26,-27.97,18843,
18.75,-16.95,-13.75,18849,
19.18,-8.96,-26.62,18856,
18.99,14.54,-20.77,18863,
18.91,-29.82,-17.42,18869,
18.87,16.71,-28.66,18876,
18.88,-12.41,-14.89,18882,
19.1,-13.07,-25.91,18888,
18.31,17.57,-22.51,18894,
18.88,-29.95,-15.83,18902,
18.77,13.91,-29.06,18908,
18.88,-7.86,-14.4,18914,
18.78,-17.29,-23.87,18921,
18.71,19.39,-23.4,18927,
19,-29.61,-15.14,18933,
18.94,9.56,-28.35,18940,
18.94,-3.23,-15.7,18947,
19.03,-21.85,-22.89,18953,
19.18,19.31,-25.02,18960,
18.5,20.58,-14.73,18966,
18.88,-27.9,-29.7,18972,
18.84,5.38,-29.11,18979,
18.37,0.95,-17.3,18985,
14.97,20.11,-25.72,18993,
18.5,20.11,-25.72,18999,
18.56,-25.58,-14.37,19005,
18.93,0.7,-28.05,19011,
18.4,5.06,-17.86,19018,
18.99,-28.6,-20.2,19024,
18.62,19.79,-27.3,19031,
18.71,-21.92,-14.37,19038,
18.82,-3.61,-28.12,19044,
18.34,10.2,-19.28,19050,
19.07,-29.68,-18.52,19057,
19.06,19.41,-28.19,19063,
18.8,-17.22,-14.32,19069,
18.58,-8.36,-27.01,19077,
18.96,14.09,-20.1,19083,
18.97,-29.98,-17.54,19089,
19.1,17.42,-29.09,19096,
18.9,-13.05,-15.13,19102,
19,-12.72,-25.26,19108,
18.94,18.15,-22.23,19115,
18.85,-30.01,-16.56,19121,
18.55,14.06,-29.61,19128,
18.72,-8.3,-15.3,19134,
19.04,-17.06,-24.63,19140,
18.5,19.35,-23.22,19147,
19.04,-29.28,-15.57,19153,
18.66,10.35,-29.49,19160,
19.01,-3.6,-16.38,19167,
19.26,-21.5,-23.44,19173,
19.39,20.4,-24.76,19179,
19.35,-28.15,-14.82,19186,
19.28,5.92,-28.68,19192,
19.19,0.37,-17.36,19198,
19.45,-25.53,-21.81,19206,
19.04,20.27,-25.83,19212,
19,-25.62,-14.28,19218,
18.93,2.06,-28.82,19224,
18.97,4.44,-17.83,19231,
19.04,-27.93,-20.78,19237,
18.87,19.91,-27.24,19244,
19.32,-22.42,-14.12,19251,
19.31,-2.73,-28.16,19257,
19.22,8.94,-19.56,19263,
19.31,-29.35,-19.12,19270,
18.93,19.8,-27.71,19276,
19.38,-18.23,-14.43,19282,
19.31,-7.38,-26.7,19290,
19.12,12.85,-20.55,19296,
19.06,-30.17,-18.24,19302,
19.26,18.2,-28.69,19308,
19.26,-14.57,-14.25,19315,
18.87,-11.46,-26.38,19321,
18.84,16.54,-21.29,19328,
19.09,-30.23,-16.56,19335,
19.09,15.14,-29.3,19341,
18.81,-9.34,-15.11,19347,
19.03,-15.45,-24.61,19354,
19.1,18.56,-23.18,19360,
19.1,-29.48,-16.16,19366,
19.04,11.27,-28.56,19374,
19.44,-7.44,-15.3,19380,
19.07,-5.6,-23.05,19386,
19.5,-20.13,-23.05,19393,
19.29,19.54,-24.51,19399,
19.5,-28.94,-14.7,19405,
19.42,7.5,-28.21,19411,
19.42,-0.92,-16.47,19419,
19.2,-24.13,-22.29,19425,
19.41,20.4,-25.8,19431,
19.12,-26.41,-14.29,19438,
19.58,3.24,-28.53,19444,
18.84,3.83,-17.17,19450,
18.87,-26.95,-21.08,19458,
18.85,20.3,-26.94,19464,
19.28,-23.78,-14.15,19470,
19.03,-1.14,-27.32,19477,
18.85,7.37,-18.74,19483,
19.07,-29.22,-19.66,19489,
18.87,19.73,-27.54,19496,
18.8,-20.07,-13.61,19503,
18.88,-5.95,-27.29,19509,
18.37,11.98,-20.08,19515,
19.04,-30.24,-17.87,19522,
19.12,18.58,-27.9,19528,
19.15,-15.86,-13.4,19534,
19.53,-10.44,-25.96,19542,
19.15,15.3,-21.4,19548,
19.48,-30.52,-16.71,19554,
19.19,15.84,-29.16,19561,
18.58,-11.36,-14.6,19567,
19.29,-14.76,-24.64,19573,
19.01,17.89,-22.79,19580,
19.19,-30.05,-15.71,19587,
19.29,12.54,-28.21,19593,
19.18,-6.97,-14.86,19600,
19.26,-19.29,-23.52,19606,
19.03,19.73,-24.01,19612,
19.48,-28.97,-15.29,19618,
18.94,8.77,-28.6,19625,
19.04,-2.41,-15.61,19632,
19.12,-23.02,-22.1,19638,
18.71,19.7,-24.9,19645,
19.26,-28.15,-14.21,19651,
19.32,3.89,-28.34,19657,
19.35,1.72,-16.95,19664,
19.23,-26.67,-20.89,19671,
19.03,19.89,-25.91,19677,
19.06,-25.27,-13.75,19684,
19.37,-0.73,-27.99,19690,
19.19,6.09,-17.79,19696,
19.03,-28.66,-18.93,19703,
19.25,19.82,-26.59,19709,
18.9,-21.18,-13.58,19716,
19.18,-4.72,-27.61,19722,
18.97,10.52,-19.86,19729,
18.69,-29.87,-18.81,19735,
18.87,18.96,-28.22,19741,
19.26,-17.06,-14.35,19748,
18.72,-9.65,-26.88,19755,
18.71,14.76,-21.02,19761,
19.23,-30.2,-17.76,19768,
19.06,16.54,-28.88,19774,
19.06,-12.23,-14.92,19780,
18.94,-13.05,-25.81,19787,
18.84,16.88,-22.08,19793,
18.66,17.87,-15.99,19800,
19.01,-30.33,-27.21,19807,
18.81,13.91,-28.31,19813,
18.77,-7.54,-14.45,19819,
19.19,19.48,-23.15,19826,
18.78,19.48,-23.15,19832,
18.8,-29.25,-15.08,19838,
19.2,9.94,-29.3,19845,
18.49,-3.68,-15.93,19852,
19.1,-21.91,-23.41,19858,
18.33,19.96,-25.27,19864,
18.52,-27.57,-14.48,19871,
18.74,5.95,-29.1,19877,
18.23,1.07,-16.98,19884,
18.88,-25.29,-21.32,19891,
18.68,20.37,-26.62,19897,
18.84,-25.08,-14.35,19903,
18.88,1.36,-28.44,19910,
18.49,5.13,-17.95,19916,
18.9,-27.86,-20.29,19922,
18.53,20.34,-27.52,19930,
18.55,-22.08,-13.83,19936,
19.25,-3.46,-27.27,19942,
18.55,9.31,-18.94,19949,
19.03,-29.7,-18.63,19955,
19.06,19.45,-27.86,19961,
18.75,-17.98,-13.53,19969,
19.15,-7.98,-26.62,19975,
18.77,13.8,-20.56,19981,
19.15,-29.92,-17.92,19988,
18.66,17.55,-28.18,19994,
19.06,-13.88,-14.5,20000,
18.88,-12.36,-25.59,20007,
18.77,16.95,-21.91,20014,
18.58,-30.18,-16.25,20020,
18.97,14.82,-29.03,20027,
18.71,-8.9,-15.2,20033,
19.64,-16.33,-24.45,20039,
19.01,19.39,-23.27,20045,
19.16,-29.42,-15.84,20051,
18.91,11.14,-28.84,20059,
19.1,-4.62,-15.46,20065,
19.38,-20.91,-24.01,20071,
19.03,19.89,-25.18,20078,
18.88,-28.12,-15.55,20084,
19.22,6.8,-29.47,20090,
19.06,0.41,-16.91,20098,
19.22,-24.74,-22.36,20104,
19.12,20.36,-26.15,20110,
19.45,-26.21,-14.29,20117,
19.6,1.94,-28.49,20123,
19.06,4.3,-18.04,20129,
19.28,-27.21,-19.67,20135,
18.84,20.39,-26.88,20143,
19.15,-22.84,-14.02,20149,
19.37,-2.16,-27.65,20155,
19.28,8.86,-19.25,20162,
19.35,-29.14,-19.03,20168,
18.78,19.75,-27.89,20174,
19.07,-18.72,-14.83,20182,
19.23,-6.97,-27.51,20188,
19,12.74,-20.46,20194,
19,-29.66,-17.85,20201,
19.29,17.77,-29.19,20207,
19.06,-12.16,-15.16,20213,
18.97,-14,-26.63,20220,
19.31,-11.03,-19.15,20227,
18.78,16.72,-21.97,20233,
19.18,-29.85,-16.97,20239,
19.42,15.51,-29.54,20246,
19.47,-9.53,-15.87,20252,
19.2,-15.68,-24.89,20258,
19.12,19.16,-23.76,20265,
18.87,-29.35,-16.73,20272,
19.04,12.1,-29.73,20278,
18.94,-5.44,-16.35,20285,
19.26,-19.63,-23.4,20291,
19.03,20.04,-24.79,20297,
19.07,-28.75,-15.48,20304,
18.58,7.35,-29.26,20311,
18.66,-0.79,-16.08,20317,
18.71,-24.17,-22.29,20324,
18.8,20.36,-25.64,20330,
18.77,-26.6,-14.76,20336,
18.78,3.08,-28.49,20342,
19,3,-17.68,20349,
19.31,-26.94,-21.05,20356,
19,20.33,-26.81,20362,
18.88,-23.52,-14.21,20369,
19.28,-0.75,-28.05,20375,
19.06,7.76,-18.59,20381,
19.32,-28.84,-19.7,20388,
19.31,20.21,-27.71,20395,
18.82,-19.39,-14.64,20401,
18.96,-5.51,-27.55,20408,
18.9,11.84,-19.98,20414,
18.94,-29.83,-18.08,20420,
18.55,18.47,-27.92,20427,
19.04,-15.1,-14.19,20433,
19.06,-10.3,-26.15,20440,
19.31,15.71,-21.84,20446,
19.31,-29.9,-17.04,20453,
19.13,16.09,-29.07,20459,
19.42,-10.84,-14.66,20465,
19.5,-14.18,-25.3,20472,
19,18.28,-22.74,20478,
19.06,-29.71,-16.27,20485,
19.53,12.96,-29.68,20492,
19.34,-5.96,-15.3,20498,
19.45,-18.59,-23.63,20504,
19.06,20.26,-24.58,20511,
19.42,-28.46,-16.25,20517,
18.97,8.93,-30.33,20524,
18.81,-1.24,-16.97,20531,
19.16,-22.57,-23.05,20537,
19.32,21.1,-26.4,20543,
19.86,-26.56,-15.78,20549,
19.04,4.41,-29.1,20556,
19.09,2.91,-18.11,20562,
19.26,-26.25,-21.66,20569,
19.15,20.9,-26.91,20576,
19.38,-23.9,-14.79,20582,
19.19,-0.44,-28.52,20588,
19.01,7.44,-18.96,20595,
19.22,-28.37,-20.49,20601,
18.99,20.08,-27.45,20608,
19.34,-20.65,-15.13,20615,
19.34,-4.91,-27.64,20621,
18.91,11.5,-20.77,20627,
18.58,-29.66,-18.68,20634,
18.82,-29.39,-28.81,20640,
18.59,19.38,-13.84,20646,
18.61,-8.86,-27.01,20654,
18.61,-8.86,-20.91,20660,
18.58,15.3,-20.91,20666,
18.49,-29.98,-17.35,20672,
18.55,17.04,-28.92,20679,
18.9,-11.82,-14.91,20685,
19.06,-13.23,-25.5,20691,
18.96,18.55,-22.54,20699,
19.04,-29.6,-15.92,20705,
19.16,14.03,-29.35,20711,
18.77,-6.96,-15.67,20718,
19.28,-17.7,-24.23,20724,
19.18,20.26,-23.47,20730,
19.19,-28.71,-15.46,20738,
18.87,9.7,-29.45,20744,
19.13,-2.51,-16.52,20750,
19.26,-22.03,-23.36,20757,
19.22,20.83,-25.81,20763,
19.12,-27.38,-14.72,20769,
19.28,5.01,-29.39,20776,
19.39,2.1,-17.64,20783,
19.56,-25.81,-21.85,20789,
19.35,20.58,-26.67,20796,
19.31,-24.58,-14.4,20802,
19.09,0.13,-28.43,20808,
18.84,6.04,-18.87,20815,
18.66,-28.35,-20.34,20822,
18.97,19.82,-27.08,20828,
19.15,-21.5,-13.75,20835,
19.16,-4.36,-27.16,20841,
18.9,10.77,-20.02,20847,
19.23,-29.38,-19.32,20854,
19.1,18.99,-28.72,20860,
19.16,-17.45,-14.82,20867,
19.47,-8.77,-27.16,20873,
18.9,14.73,-21.5,20879,
19.18,-29.87,-17.54,20886,
18.78,16.85,-28.68,20892,
19.15,-11.96,-14.51,20898,
19.32,-12.7,-25.59,20905,
19.01,18.17,-22.79,20912,
19.41,-29.58,-17.66,20918,
19.39,14.02,-29.8,20925,
18.71,-7.7,-15.54,20931,
19.37,-17.3,-24.82,20937,
19.25,19.42,-24.54,20944,
19.1,-29.55,-15.95,20951,
19.23,9.6,-30.05,20957,
18.84,-3.33,-16.43,20963,
18.81,-22.04,-23.85,20970,
18.68,20.4,-25.4,20976,
18.99,-27.58,-15.4,20982,
19.28,5.39,-29.77,20989,
18.46,1.48,-17.85,20996,
19.22,-25.58,-21.53,21002,
19.26,20.3,-26.7,21009,
19.29,-25.12,-14.37,21015,
19.25,1.02,-28.69,21021,
18.91,5.85,-18.43,21028,
19.38,-28.06,-20.94,21035,
18.69,20.07,-27.97,21041,
22.43,-21.66,-14.21,21048,
19,-3.55,-27.87,21054,
18.97,7.67,-19.19,21060,
18.93,9.63,-19.39,21066,
19,-30.14,-26.88,21073,
18.78,19.16,-28.85,21080,
18.66,-17.7,-14.69,21086,
18.77,-8.61,-27.01,21093,
18.94,14,-21.1,21099,
19.06,-29.51,-18.02,21105,
18.75,17.25,-28.73,21112,
18.8,-12.64,-14.98,21118,
18.96,-12.45,-25.81,21125,
18.65,17.6,-23.14,21132,
19.07,-29.9,-17.04,21138,
18.87,14.21,-28.91,21144,
18.78,-8.73,-14.91,21151,
19.13,-17.13,-24.66,21157,
18.66,19.19,-23.9,21164,
18.72,-29.2,-15.8,21170,
18.56,10.74,-29.47,21177,
18.9,-3.55,-16.25,21183,
19.09,-21.4,-23,21189,
18.96,20.71,-25.4,21196,
18.94,-28.33,-14.81,21202,
19.01,6.02,-29.19,21209,
18.71,0.88,-16.76,21216,
18.81,-25.24,-21.85,21222,
18.68,20.24,-26.6,21228,
18.52,-25.69,-14.47,21235,
18.84,1.74,-28.53,21241,
18.74,4.97,-18.18,21248,
18.82,-27.68,-20.18,21255,
18.99,20.11,-27.07,21261,
18.84,-22.58,-14.28,21267,
19.04,-3.33,-27.67,21273,
18.62,9.03,-19.61,21280,
18.82,-29.57,-19.37,21286,
18.34,19.54,-28.22,21293,
18.58,-18.3,-13.55,21300,
19.12,-7.45,-26.43,21306,
18.81,13.62,-20.43,21312,
19.25,-30.05,-17.85,21319,
18.91,17.68,-28.68,21325,
18.99,-14.03,-14.76,21331,
19.18,-11.41,-25.84,21339,
18.69,16.88,-21.75,21345,
19.26,-29.77,-16.69,21351,
18.94,15,-28.37,21358,
18.74,-9.11,-14.79,21364,
19.2,-15.77,-24.73,21370,
18.82,19.61,-23.24,21377,
18.82,-29.26,-15.48,21384,
18.71,11.78,-28.72,21390,
18.88,-4.9,-15.26,21396,
18.94,-20.27,-23.71,21403,
18.69,20.32,-24.69,21409,
18.93,-28.24,-14.83,21415,
18.71,7.48,-28.84,21423,
18.96,-0.13,-16.46,21429,
19.25,-24.48,-21.88,21435,
18.68,20.45,-25.69,21442,
19.15,-26.37,-14.54,21448,
18.88,2.57,-28.38,21454,
18.9,3.54,-17.47,21462,
18.84,-27.33,-20.61,21468,
15.1,20.61,-26.28,21474,
18.9,-22.79,-13.65,21481,
18.9,-22.79,-27.83,21487,
18.59,-1.86,-18.81,21493,
18.97,-29.3,-19.31,21500,
19.32,-29.3,-19.31,21507,
19.1,19.66,-27.9,21513,
18.84,-19.47,-29.74,21520,
18.9,-6.53,-27.81,21526,
18.66,12.25,-20.75,21532,
19.01,-30.28,-18.58,21539,
19.29,18.05,-28.44,21545,
19.31,-15.54,-13.93,21552,
19.28,-10.55,-25.46,21559,
18.8,16.22,-21.16,21565,
19.25,-29.64,-17.07,21571,
19.19,15.78,-29.03,21578,
18.91,-10.79,-14.31,21584,
18.93,-15.02,-24.64,21591,
19.03,18.3,-23.08,21597,
19.2,-29.42,-16.35,21603,
18.87,12.28,-28.69,21610,
18.96,-5.7,-15.36,21616,
19.18,-19,-24.55,21622,
18.71,19.75,-24.61,21629,
19.2,-28.79,-15.87,21636,
19.28,8.56,-29.66,21642,
19.31,-1.15,-16.5,21649,
19.66,-23.25,-22.8,21655,
19.04,20.48,-25.31,21661,
18.97,-27.3,-14.89,21668,
19.19,4.19,-29.03,21675,
18.71,2.51,-17.29,21681,
19.18,-26.34,-21.53,21688,
19.15,20.37,-26.37,21694,
19.16,-24.01,-13.84,21700,
19.03,0.2,-28.47,21707,
19,6.84,-18.25,21713,
19.34,-28.41,-19.57,21720,
18.82,19.88,-27.14,21726,
19.06,-20.33,-13.72,21733,
18.74,-4.41,-27.45,21739,
18.93,10.82,-19.16,21745,
18.42,-29.52,-18.15,21752,
18.85,18.85,-28.03,21758,
18.84,-16.94,-14.22,21765,
19.04,-9.05,-26.6,21772,
19.03,14.64,-21.03,21778,
19,-29.61,-17.48,21784,
19.01,17.06,-28.56,21790,
18.68,-12.54,-14.79,21797,
19.28,-13.43,-25.65,21804,
19.25,18.11,-22.39,21810,
19.29,-30.06,-16.37,21817,
19.13,13.3,-28.92,21823,
19.19,-8.17,-14.85,21829,
19.22,-17.52,-24.31,21836,
18.82,19.47,-23.79,21842,
19.2,-29.48,-15.74,21849,
19.22,9.68,-28.65,21856,
19.34,-3.68,-16.12,21862,
19.25,-22.2,-22.76,21868,
19.09,20.01,-25.08,21875,
19.32,-28.09,-14.78,21881,
19.32,5.64,-29.03,21888,
19.54,1.27,-17.2,21894,
18.96,-24.92,-21.38,21901,
19.41,-25.65,-26.03,21907,
18.84,20.58,-14.81,21913,
19.16,-25.3,-14.72,21920,
18.93,1.3,-28.37,21926,
18.93,5.09,-17.96,21933,
18.94,-28,-20.33,21940,
18.82,20.13,-26.91,21946,
18.82,-22.14,-14.03,21952,
19.42,-3.22,-27.32,21959,
18.81,9.51,-19.41,21965,
18.91,-29.44,-18.77,21971,
19.29,19.34,-28.31,21979,
19.26,-18.02,-14.1,21985,
19.23,-7.76,-26.86,21991,
18.96,13.99,-20.56,21997,
19.1,-29.77,-17.96,22004,
19.12,17.86,-28.88,22010,
18.97,-13.27,-14.59,22017,
19.57,-11.31,-25.8,22024,
19.48,17.42,-22.01,22030,
19.39,-29.33,-16.56,22036,
19.69,15.21,-28.75,22043,
19.38,-8.62,-15.23,22049,
19.82,-16.59,-24.73,22055,
19.53,19.77,-23.66,22063,
19.85,-29.28,-15.48,22069,
19.6,10.73,-28.91,22075,
19.32,-4.21,-16.19,22082,
19.45,-20.48,-23.72,22088,
19.44,20.58,-25.15,22094,
19.7,-28.22,-15.05,22100,
18.91,6.84,-28.97,22108,
19.09,0.37,-16.73,22114,
19.09,-24.69,-22.48,22120,
18.85,20.1,-26.45,22127,
19.22,-26.13,-14.48,22133,
18.94,1.89,-28.31,22139,
18.69,4.22,-17.82,22147,
18.74,-27.4,-21.1,22153,
19.09,20.17,-27.17,22159,
18.58,-22.93,-14.32,22166,
18.99,-2.97,-27.74,22172,
18.96,8.39,-18.85,22178,
19.38,-29.35,-18.93,22185,
18.88,19.86,-28.19,22192,
18.81,-18.63,-14.53,22198,
19.35,-7.03,-26.89,22204,
19.19,13.11,-20.99,22211,
19.25,-29.9,-18.15,22217,
19.18,17.68,-28.33,22223,
19.45,-14,-14.44,22231,
19.56,-11.28,-25.37,22237,
19.13,16.97,-21.92,22243,
19.48,-29.77,-16.68,22250,
19.12,15,-29.28,22256,
19.34,-9.6,-15.1,22262,
19.26,-15.96,-24.98,22269,
18.93,19,-23.66,22276,
19.04,-29.3,-15.76,22282,
19.34,11.21,-29.16,22289,
19.26,-4.18,-15.73,22295,
19.66,-20.11,-23.78,22301,
19.66,20.68,-24.79,22307,
19.54,-27.99,-15.77,22315,
19.54,7.23,-29.32,22321,
19.48,7.23,-17.49,22327,
19.76,-24.52,-22.01,22334,
19.56,-24.52,-22.01,22340,
19.66,20.52,-25.52,22346,
19.41,-26.54,-28.11,22353,
19.19,2.06,-28.11,22360,
19.23,3.8,-17.67,22366,
19.66,-27.81,-21.05,22373,
18.99,20.43,-26.48,22379,
19.63,-23,-14.03,22385,
19.53,-2.03,-27.62,22392,
19.12,8.4,-18.88,22398,
19.29,-29.47,-18.94,22405,
19.26,19.8,-27.58,22412,
19.04,-19.16,-13.43,22418,
19.13,-5.76,-27.45,22424,
18.91,13.01,-20.13,22431,
19.22,-29.32,-18.25,22437,
19.38,18.58,-28.73,22444,
18.93,-14.56,-14.13,22451,
19.47,-10.42,-25.87,22457,
19.51,16.09,-21.54,22463,
19.58,-30.09,-16.75,22470,
19.41,16.09,-29.61,22476,
18.8,-10.36,-14.86,22482,
19.32,-14.62,-25.43,22490,
19.01,19.07,-23.24,22496,
19.1,-29.16,-16.24,22502,
18.81,12.79,-29.28,22509,
18.87,-5.86,-15.99,22515,
18.88,-18.46,-23.69,22521,
18.63,19.91,-24.73,22528,
18.97,-28.28,-15.11,22534,
19.31,8.14,-28.73,22541,
19.18,-1.72,-16.54,22547,
19.57,-23.28,-23.41,22553,
19.19,20.07,-26.09,22560,
19.18,-26.82,-14.85,22566,
19.03,4.22,-29.39,22573,
18.99,2.57,-17.79,22580,
19.66,-26.32,-20.7,22586,
19.04,20.48,-26.69,22592,
18.93,-24.26,-14.31,22599,
18.87,-0.39,-28.27,22605,
19.01,6.9,-18.55,22611,
19.37,-28.52,-19.73,22618,
19.1,20.11,-26.78,22625,
19.34,-20.49,-14.02,22631,
19.66,-4.53,-27.58,22637,
18.91,11.31,-19.72,22644,
19.28,-29.6,-17.74,22650,
18.8,18.68,-28.27,22657,
19.19,-16.53,-14.43,22664,
19.09,-9.22,-26.53,22670,
18.9,14.5,-21.51,22676,
18.78,-30.11,-17.54,22683,
18.93,16.4,-29.2,22689,
19.03,-12.01,-14.64,22695,
19.32,-13.9,-25.17,22703,
19.15,17.77,-22.32,22709,
19.58,-29.9,-15.86,22715,
19.23,13.3,-28.3,22721,
19.23,-7.78,-14.19,22728,
19.29,-18.18,-23.52,22734,
19.94,19.23,-23.19,22740,
19.34,19.09,-15.71,22748,
19.25,-29.1,-26.56,22754,
19.48,9.7,-28.33,22760,
19.37,-3.27,-15.45,22767,
19.48,-21.97,-22.32,22773,
19.39,19.38,-25.04,22779,
19.34,-28.5,-14.64,22787,
19.61,4.79,-28.87,22793,
19.13,1.29,-17.29,22799,
19.31,-26.22,-21.51,22806,
19.29,19.96,-26.57,22812,
19.73,-25.11,-14.35,22818,
19.56,0.64,-28.09,22824,
19.25,5.73,-18.02,22832,
19.23,-28.18,-19.99,22838,
18.84,19.96,-27.16,22844,
19.34,-21.7,-14.06,22851,
19.47,-4.08,-27.49,22857,
19.01,9.62,-19.07,22863,
19.54,-29.55,-18.21,22871,
19.16,19.69,-27.39,22877,
19.04,-17.26,-13.5,22883,
19.22,-8.14,-26.75,22890,
18.82,14.22,-20.2,22896,
19.26,-29.45,-17.14,22902,
19.06,17.57,-28.3,22909,
18.99,-12.83,-13.81,22916,
19.31,-11.94,-24.85,22922,
19.16,17.76,-22,22928,
19.34,-29.41,-17.03,22935,
19.18,14.53,-29.03,22941,
19.35,-8.37,-15.02,22947,
19.28,-16.6,-24.55,22955,
19.29,19.42,-23.62,22961,
19.32,-29.44,-15.92,22967,
19.31,10.8,-29.07,22974,
19.13,-4.28,-15.87,22980,
19.79,-21.22,-23.52,22986,
19.1,19.92,-25.42,22993,
19.34,-28.02,-15.76,23000,
18.93,6.77,-29.06,23006,
18.66,0.29,-16.87,23013,
18.82,-25.01,-22.29,23019,
19.04,20.33,-26.24,23025,
19.04,-25.78,-14.32,23031,
19.29,1.43,-28.56,23038,
19.23,4.36,-18.49,23045,
19.19,-27.77,-20.3,23051,
18.91,20.87,-26.85,23058,
19.03,-22.62,-13.61,23064,
19.23,-2.34,-27.48,23070,
18.75,8.59,-18.82,23077,
18.85,-29.67,-19.22,23084,
18.96,19.37,-28.08,23090,
18.61,-19.07,-14.09,23097,
19.1,-7.06,-26.95,23103,
18.84,13.01,-20.11,23109,
18.96,-29.83,-17.48,23116,
18.87,18.3,-28.27,23122,
18.8,-14.48,-13.91,23129,
18.85,-11.37,-25.96,23136,
19,16.43,-21.94,23142,
19,-29.25,-16.92,23148,
19.03,15.38,-28.81,23154,
18.84,-9.41,-14.94,23161,
18.84,-9.41,-25.14,23168,
18.97,-15.7,-25.14,23174,
18.72,-29.19,-15.99,23181,
18.81,-29.19,-15.99,23187,
18.74,11.78,-29.2,23193,
19.25,-5.23,-23.43,23200,
19.28,-19.88,-23.81,23206,
19.22,20.14,-24.85,23213,
19.22,-28.35,-15.04,23220,
19.19,7.7,-29.2,23226,
18.8,-0.72,-16.81,23232,
18.74,-23.76,-22.54,23239,
18.77,20.53,-25.99,23245,
18.69,-26.57,-14.63,23251,
18.87,2.91,-27.97,23259,
18.49,3.43,-17.6,23265,
18.81,-27.13,-21.32,23271,
19.16,20.43,-27.36,23278,
18.65,-23.71,-14.63,23284,
19.03,-1.18,-28.68,23290,
18.9,7.61,-19,23298,
18.8,-28.35,-19.99,23304,
18.53,20.45,-28.15,23310,
18.75,-19.28,-14.48,23317,
19.53,-5.5,-28,23323,
18.9,12.34,-21.03,23329,
19.15,-29.76,-18.58,23336,
19.31,18.56,-28.59,23343,
19.32,-15.51,-13.83,23349,
19.5,-9.87,-25.81,23355,
18.77,15.97,-21.48,23361,
18.94,-29.52,-17.41,23368,
18.93,16.33,-28.88,23374,
18.68,-11.11,-14.73,23380,
x,y,z,unix,millis
